# Sefer haritaları, ada adları ve zafer sözleri (kötü adamların alaycı lafları dahil)
Campaign_IslandLockedTitle = İstihbarat Yok
Campaign_IslandLockedDesc = O kadar hızlı değil Komutanım. Bu savaşın İstihbarat Raporu henüz hazır değil. Lütfen aktif bir savaş seçin.
Campaign_IslandLockedQuest = Kusura bakmayın Komutanım. Bu savaşa ilerlemeden önce tamamlanması gereken bir ön görev var. Lütfen aktif bir savaş seçin.
Campaign_IslandLockedSingleQuestPopupDesc = Komutanım, '{task}' görevini tamamlamadan ilerlemeyi göze alamayız!
Campaign_IslandLockedMultipleQuestPopupDesc = Komutanım, şu görevleri tamamlamadan ilerlemeyi göze alamayız: {tasks}!
Campaign_IslandLockedQuestPopupTitle = İlerleme Kilitli!
Campaign_IslandLockedQuests = '{task1}' ve '{task2}'
Campaign_IslandInProgressTitle = Savaş Sürüyor
Campaign_IslandInProgressDesc = Komutanım, raporlara göre kuvvetlerimiz zaten başka bir savaşta. Önce süren savaşı tamamlamalısınız. Savaşa devam edilsin mi?
Campaign_IslandCompletedTitle = Savaş Tekrar Oynansın mı?
Campaign_IslandCompletedDesc = Komutanım, bu adada zaten ustalaştınız. Yeniden saldırabilirsiniz, ama daha az ödül kazanırsınız.
map_C001_title = Anavatanı Savunun!
map_C001_desc = C001 Sefer Açıklaması
map_C001_island01_name = Saldırmak İçin Tıklayın!
map_C001_island01_desc = Düşman birliklerini yok edin!
map_C001_island01_win_desc = Düşman Tankını yok ettiniz ve ana adayı güvence altına aldınız... şimdilik.
map_C002_title = Karşı Saldırı
map_C002_desc = C002 Sefer Açıklaması
map_C002_island01_name = Cesur Direniş
map_C002_island01_win_desc = Yaşasın! Onlara iyi bir ders verdiniz!
map_C000_title = Uyarı Atışı
map_C000_desc = C000 Sefer Açıklaması
map_C000_island01_name = İlk Salvo
map_C000_island01_win_desc = İşte bu! Kaptanı fena sıkıştırdınız!
map_C000_island02_name = Karşılık Ateşi
map_C000_island02_desc = Son gemiyi yok edin!
map_C000_island02_win_desc = Kaptan Krunsch'u kahvaltısının başında ağlattınız!
map_C003_title = Cape Pleasant Çatışması
map_C003_desc = C003 Sefer Açıklaması
map_C003_island01_name = Karşı Karşıya
map_C003_island01_win_desc = Tadını çıkar, seni palyaço balığı. Kaptan daha yeni ısınıyor!
map_C003_island02_name = Cesur Girişim
map_C003_island02_win_title = Zafer!
map_C003_island02_win_desc = Güzel atış Komutanım! Savaş gemisini batırdınız!
map_C003_island03_name = Ateşler Saçarak
map_C003_island03_win_desc = Cape Pleasant'tan iyi haber! İnekler süt çiftliklerinde işbaşı yaptı.
map_C003_island04_name = Köşeye Sıkışmış
map_C003_island04_win_desc = Tüm yapabileceğin bu mu? Pisi balığında bile daha çok dövüş gördüm!
map_C003_island05_name = Çatışmanın Sonu
map_C003_island05_win_title = Hurra!
map_C003_island05_win_desc = Helal olsun Komutanım! Onun donanması ancak küvette yüzer.
map_C004_title = Krunsch Zamanı!
map_C004_desc = C004 Sefer Açıklaması
map_C004_island01_name = Kumsalda Kavga
map_C004_island01_win_desc = Bu zafer o kadar muhteşemdi ki devamını sabırsızlıkla bekliyorum!
map_C004_island02_name = Kafa Kafaya
map_C004_island02_win_desc = Sesini kes, seni denizanası! Birkaç kötü zafer seni Amiral yapmaz.
map_C004_island03_name = Karşılıklı Darbeler
map_C004_island03_win_desc = Cape Pleasant'ta akşam yemeği balık! Kumsalları yeniden onların kontrolünde!
map_C004_island04_name = Deniz Arbedesi
map_C004_island04_win_desc = Böyle atışlarla Kaptanın daha çok cankurtaran sandalına ihtiyacı olacak!
map_C004_island05_name = Aparkat
map_C004_island05_win_desc = İşimin bittiğini mi sanıyorsun? Bir daha düşün, seni sefil sazan!
map_C004_island06_name = Nakavt Yumruğu
map_C004_island06_desc = Krunsch'un savaş gemisinin yaklaştığı görüldü.
map_C004_island06_win_title = Kaptan Krunsch Yenildi!
map_C004_island06_win_desc = Ordumun suya düşmesi umurumda değil. Benim gözümde hâlâ omurgasız bir kalamarsın!
map_C005_title = Dalgayı Durdurmak
map_C005_desc = C005 Sefer Açıklaması
map_C005_island01_name = Düşmanca Niyet
map_C005_island01_win_desc = Geçici bir aksilik. Bekle de sana sırada ne hazırladığımı gör!
map_C005_island02_name = Geri İtiş
map_C005_island02_win_desc = Birkaç zafer daha böyle giderse önümüzde eğilecek.
map_C005_island03_name = Güçlü Muhalefet
map_C005_island03_win_title = Muhteşem!
map_C005_island03_win_desc = Helal olsun Komutanım! Kai Tana'nın askerleri artık korkudan kaçışıyor.
map_C005_island04_name = Mevzi Tutmak
map_C005_island04_win_desc = Şimdiye kadar sınavımı geçtin Komutan. Değerli bir hizmetkâr olacaksın.
map_C005_island05_name = Koruma Kalkanı
map_C005_island05_win_desc = Mükemmel! Silah depolarından birini kurtardık!
map_C005_island06_name = Çevre Savunması
map_C005_island06_win_desc = Kai Tana'nın yiğitçe savaştığını söyleyebilirdim... ama yalan olurdu.
map_C005_island07_name = Taşın Altına Bakmak
map_C005_island07_win_title = Hurra!
map_C005_island07_win_desc = Bir adayı daha güvence altına aldık ve Kai Tana'nın kılıcını kırdık!
map_C006_title = Gölgelere Ateş
map_C006_island01_name = Hareketli Hedefler
map_C006_island01_win_desc = Bir dahaki sefere savunmalarını fileto yapacağım Komutan!
map_C006_island02_name = Şaşırtmaca
map_C006_island02_win_desc = İşte bu ruh! Kai Tana'nın askerlerini ıstakoz dürüm gibi doğradınız.
map_C006_island03_name = Tarama Ateşi
map_C006_island03_win_desc = Sinirlenmeye başlıyorum. Sinirlendiğimde beni sevmezsin.
map_C006_island04_name = Sıyırıcı Darbeler
map_C006_island04_win_desc = Güzel atış! Kai Tana'nın silah arkadaşları artık nilüferlerin altında yatıyor.
map_C006_island05_name = Sıkıştırılmış
map_C006_island05_win_desc = Bir dahaki sefere o çürük ordundan teriyaki yapacağım!
map_C006_island06_name = Kaçış
map_C006_island06_win_title = Hurra!
map_C006_island06_win_desc = Bravo Komutanım! Bu zafer Louvre'da asılmalı.
map_C006_island07_name = İç İşler
map_C006_island07_win_desc = Evet! Kai Tana'nın gardırobu paramparça ve bir ada daha bizim.
map_C007_title = İçerideki Düşman
map_C007_island01_name = İpuçlarının Peşinde
map_C007_island01_win_desc = Belli ki şövalyelik ölmüş - ona katılmaya hazır ol Komutan!
map_C007_island02_name = Işıkta
map_C007_island02_win_desc = Güvenli ve sıcacık küçük adana geri dön.
map_C007_island03_name = Düşman İfşa Oldu
map_C007_island03_win_desc = Kai Tana'nın askerleri Kai Bum oldu!
map_C007_island04_name = Çaresiz Önlemler
map_C007_island04_win_desc = Güzel iş Komutanım! Kai Tana'nın uçakları Kai-put!
map_C007_island05_name = Son Direniş
map_C007_island05_win_title = Kai Tana Yenildi!
map_C007_island05_win_desc = Bu yenilgi utanç vericiydi. Kuzgun'a nasıl söyleyeceğim?
map_C008_title = Açık Denizde Kargaşa
map_C008_island01_name = Fırtınalı Hava
map_C008_island01_win_desc = Dikkat Komutan! Bu sefer kaplanı kuyruğundan yakaladın.
map_C008_island02_name = Bombalar Yağıyor
map_C008_island02_win_desc = Demek adını duyduğum yeni Komutan sensin. Hiç ETKİLENMEDİM!
map_C008_island03_name = Patlayıcı Maddeler
map_C008_island03_win_desc = Buraya dans ederek girip beni bu kadar kolay devirebileceğini mi sanıyorsun? Deviremezsin.
map_C008_island04_name = Roketlerin Kızıl Parıltısı
map_C008_island04_win_desc = Başardınız! Jada'nın askerleri ustalıkla silahsızlandırıldı.
map_C008_island05_name = Bomba Şoku
map_C008_island05_win_desc = İyi iş! Reef Haven jeneratörlerini çalıştıracak kadar petrol kurtardı!
map_C008_island06_name = Barut Oyunları
map_C008_island06_win_desc = Kendini kaptırma! Daha yeni ciddileşiyorum!
map_C008_island07_name = Şerefe
map_C008_island07_win_desc = Dikkat et Komutan: artık gerçekten ateşle oynuyorsun.
map_C009_title = Reef Haven Düşmanlığı
map_C009_island01_name = Patlamaya Hazır
map_C009_island01_win_desc = Bana boşuna "Bombs" demiyorlar. Dur da açıklayayım!
map_C009_island02_name = Güç Gösterisi
map_C009_island02_win_desc = Jada atıp tutmaya devam ediyor, ama hep havlıyor, hiç patlamıyor.
map_C009_island03_name = Gökyüzünde Ateş
map_C009_island03_win_desc = Bravo Komutanım! Jada'nın bombardıman uçaklarını tamamen etkisiz hâle getirdiniz.
map_C009_island04_name = Şarapnel Kıyıları
map_C009_island04_win_desc = Üzgünüm Komutan, henüz gitmiyorum. Yapacak daha çok yağmam var!
map_C009_island05_name = Deneme Sahası
map_C009_island05_win_desc = Lanet olsun! Tırnağımı kırdırdın. Bunu ödeyeceksin!
map_C009_island06_name = Atılım
map_C009_island06_win_desc = İyi haber! Reef Haven yeniden ayakta ve direniş örgütlüyor.
map_C009_island07_name = Yatıştırıcı Etki
map_C009_island07_win_desc = Helal olsun Komutanım! Jada'nın askerleri sönmeye başladı.
map_C010_title = Bomba Paniği!
map_C010_island01_name = Silahlı ve Tehlikeli
map_C010_island01_win_desc = O savaşın benim için hiçbir anlamı yoktu! Hiçten de azdı! Tüh ona! Pöh!
map_C010_island02_name = Ağır Metal
map_C010_island02_win_desc = Artık Jada Bombs iki taraftan saldırı altında - biz ve Reef Haven!
map_C010_island03_name = Fünye
map_C010_island03_win_desc = Helal olsun Komutanım! Jada'nın uçakları sinek gibi dökülüyor!
map_C010_island04_name = Son Derece Yanıcı
map_C010_island04_win_desc = İtiraf etmeliyim, senin gibi sıska bir haşeratın bu kadar dayanabileceğini düşünmemiştim.
map_C010_island05_name = Akıl Almaz
map_C010_island05_win_desc = Böyle devam Komutanım! Jada'nın planları duman olmak üzere!
map_C010_island06_name = Şok Dalgası
map_C010_island06_win_desc = Seni uyarmaya devam etmeyeceğim Komutan. Geri çekil!
map_C010_island07_name = Büyük Patlamayla Çıkış
map_C010_island07_win_title = Jada Bombs Yenildi!
map_C010_island07_win_desc =  Kuzgun bunu duyunca başım fena belaya girecek. Ben kaçar!
map_C011_title = Hava Manevraları
map_C011_island01_name = Havada
map_C011_island01_win_desc = Şanslı atış! Şimdi diğer benliğime, Baron Ez-geçer'e dönüşeceğim!
map_C011_island02_name = Kötü Rüzgâr
map_C011_island02_win_desc = Teramar halkının intikamını alın - bu kuş beyinliye merhamet göstermeyin!
map_C011_island03_name = Kara Gökler
map_C011_island03_win_desc = Güzel atış! Baron'un uçakları plansız aktarma yapmak zorunda kalacak!
map_C011_island04_name = Ateş Altında
map_C011_island04_win_desc = Kazandığını sanıyorsun... ama... eh, belki de kazanıyorsun. Ama kazanmayacaksın!
map_C011_island05_name = Kaçınma Manevrası
map_C011_island05_win_desc = Güzel hareketler Komutanım - Baron'un etrafında daireler çiziyorsunuz!
map_C011_island06_name = Taarruzda
map_C011_island06_win_desc = Sopa ve taş kemiklerimi kırabilir... İyi ki elinde yalnızca mermi ve bomba var!
map_C011_island07_name = Veda Atışı
map_C011_island07_win_desc = Kartal gibi süzülüyorum, ama kendimi hedef tahtası gibi hissediyorum!
map_C011_island08_name = Fırtına Öncesi Sessizlik
map_C011_island08_win_title = Olağanüstü!
map_C011_island08_win_desc = Gökyüzü bizim Komutanım! Bu kaçık onu sadece ödünç alıyor.
map_C012_title = Göklere Hükmetmek
map_C012_island01_name = Radarın Altında
map_C012_island01_win_desc = Zafer partine dalıp bütün mezelerini yiyeceğim!
map_C012_island02_name = Hava Akımı
map_C012_island02_win_desc = İyi haber! Teramar halkı çalışma kamplarından kaçıyor.
map_C012_island03_name = Kıvılcım Noktası
map_C012_island03_win_desc = Ha! Yenilgide bile ben hâlâ Baronum, sen değilsin!
map_C012_island04_name = Anlık Karar
map_C012_island04_win_desc = Eğer gerçekten Baronsa, bu zafer tam bir kraliyet floşu!
map_C012_island05_name = Tehlike Bölgesi
map_C012_island05_win_desc = Böyle birkaç zafer daha ve Teramar halkı akşam yemeğine evde olacak!
map_C012_island06_name = Yıldırım Harbi
map_C012_island06_win_desc = Teramar'ı kurtarmak mı? Benim cesedimi çiğnemeden... Hayır, dur! Senin cesedini çiğnemeden!
map_C012_island07_name = Aşağı Doğru Sarmal
map_C012_island07_win_desc = Harika atış! Baron'un kuvvetleri İsviçre peynirine döndü!
map_C013_title = 30.000 Fitte İt Dalaşı
map_C013_island01_name = Yüksek Zemin
map_C013_island01_win_desc = Anlamsız bir zafer! Onarımlarım yalnızca birkaç akçeye patlar. Hâlâ akçe kullanıyoruz, değil mi?
map_C013_island02_name = Bulutların Ardında
map_C013_island02_win_desc = Baron'u öyle bir patakladınız ki çocukları başı dönerek doğacak.
map_C013_island03_name = Buhar İzleri
map_C013_island03_win_desc = Başardınız! Teramar halkı cevher madenlerini geri aldı.
map_C013_island04_name = Tetik Delisi
map_C013_island04_win_desc = Kahretsin! Hem kaybettim hem de pilot ehliyetimin süresi dolmuş!
map_C013_island05_name = Kurşun Yağmuru
map_C013_island05_win_desc = Bravo Komutanım! Baron'un hava kuvvetleri kontrolden çıktı!
map_C013_island06_name = Paratoner
map_C013_island06_win_desc = Yeni tanklarınız sayesinde Teramar yakında özgür olacak!
map_C013_island07_name = Serbest Düşüş
map_C013_island07_win_desc = Teramar'ı asla tasfiye edemeyeceksin! Aa dur... "özgürleştirmek" dedin. Pardon.
map_C014_title = Teramar'da Dönüm Noktası!
map_C014_island01_name = Baskı Noktası
map_C014_island01_win_desc = Tebrikler! Baron'un sık uçan mil puanları yakında değersiz olacak!
map_C014_island02_name = Zayıflık Belirtisi
map_C014_island02_win_desc = Senin sayende artık 117 kez düştüm! Hem de sadece hatırladıklarım...
map_C014_island03_name = Radikal Davranış
map_C014_island03_win_desc = Vitesi artırın Komutanım! Bu havacı çocuğu kalıcı olarak yere indirme zamanı!
map_C014_island04_name = Büyüklük Sanrısı
map_C014_island04_win_desc = İyi pilot uçağıyla birlikte düşer, hele ki "fırlat" düğmesi bozuksa.
map_C014_island05_name = Pamuk İpliğine Bağlı
map_C014_island05_win_desc = Parlak Komutanım - Baron'un kanatlarını kırptınız!
map_C014_island06_name = Pike
map_C014_island06_win_desc = Mükemmel iş Komutanım! Baron serbest düşüşte!
map_C014_island07_name = Alevler İçinde
map_C014_island07_win_title = Baron Crashalot Yenildi!
map_C014_island07_win_desc = Demek beni düşürdün. Ben uzman bir düşücüyüm - dur, paraşütüüüm neredeeee!?!
map_C015_title = Çifte Bela!
map_C015_island01_name = Sıcağı Hisset
map_C015_island01_win_desc = Kazanmak her şey değildir. Ama kaybetmekten kesinlikle iyidir!
map_C015_island02_name = Kötü Örnek
map_C015_island02_win_desc = Güzel iş Komutanım! O kızları resmen köşeye oturttunuz.
map_C015_island03_name = Kışkırtma
map_C015_island03_win_desc = Isla Azul'un ormanlarını kestiler, bence biz de harçlıklarını keselim.
map_C015_island04_name = Çalkalanmış
map_C015_island04_win_desc =  Aman! Tanrım! Bu hiç adil değildi!
map_C015_island05_name = Ağır Toplar
map_C015_island05_win_desc = Bunu hanımlar gibi çözelim: Biz Scarlett'e karşı... kafes dövüşü!
map_C015_island06_name = Tuzak
map_C015_island06_win_desc = Bu, o ikizlere ders olur! İki her zaman birden iyi değildir!
map_C015_island07_name = Sinsi Yumruk
map_C015_island07_win_desc = Mükemmel! Bazı adalıların Isla Azul kamplarından kaçmasına yardım ettiniz!
map_C015_island08_name = Altüst
map_C015_island08_win_desc = Senin alevler içinde düşüşünü izlemek, yani, çoook havalı olurdu!
map_C016_title = İstihbarat Arayışı
map_C016_island01_name = Hile
map_C016_island01_win_desc = Graves Kızlarını yeniden yenmek için ağır topları çıkarmamız gerekecek!
map_C016_island02_name = Tuzağa Düşürme
map_C016_island02_win_desc = Bravo Komutanım. Bu, o kızlara biraz terbiye öğretir!
map_C016_island03_name = Düşman İlerliyor
map_C016_island03_win_desc = Sana kaybetmek, yani, görgü kurallarından bile beter!
map_C016_island04_name = Kirli Dövüş
map_C016_island04_win_desc = Bu zaferle gurur mu duyuyorsun? Cidden mi? Çok eziksin!
map_C016_island05_name = Kışkırtıcı
map_C016_island05_win_desc = Güzel zafer Komutanım! Çifte keyif, çifte eğlence!
map_C016_island06_name = Muhteşem Dönüş
map_C016_island06_win_desc = Bahse girerim o kızların kaybetmekten daha çok nefret ettiği tek şey ekose giymek.
map_C016_island07_name = Yol Bulucu
map_C016_island07_win_desc = Vay! Bu işte, yani, ciddisin, değil mi?
map_C016_island08_name = Tam Erişim
map_C016_island08_win_desc = Yaşasın! Isla Azul'daki son esirler Karanlık İttifak kamplarından kaçtı!
map_C017_title = Firar!
map_C017_island01_name = İzinsiz Giriş
map_C017_island01_win_desc = Nefretimizi kalbine saplanan bir füzeden daha iyi anlatan bir şey yok!
map_C017_island02_name = Güvenlik İhlali
map_C017_island02_win_desc = Dikkat Komutanım: O kızlar sizin bir vudu bebeğinizi yapmış!
map_C017_island03_name = Zorla Giriş
map_C017_island03_win_desc = Çok müthişiz! Biz, yani, gelmiş geçmiş en sevdiğin düşmanlar değil miyiz?
map_C017_island04_name = Engelleri Aşmak
map_C017_island04_win_desc = İyi haber! Bir Karanlık İttifak esir kampını daha yok ettiniz!
map_C017_island05_name = Arka Kapıdan
map_C017_island05_win_desc = Birinin fiyatına iki Graves ana planı! Çifte komplo - anladın mı?
map_C017_island06_name = Harekât: Sızma
map_C017_island06_win_desc = Temposu artırma zamanı Komutanım! Kızların askerleri savunmasız.
map_C017_island07_name = Tam Cephanelik
map_C017_island07_win_desc = İyi oynadınız! Kötü kızların hak ettiğini bulduğunu görmek her zaman güzel.
map_C017_island08_name = Gece Yarısı Baskını
map_C017_island08_win_desc = Acele et de öl! Cenazen için birbirine uyan siyah kıyafetlerimizi bile seçtik!
map_C017_island09_name = Özgürlük Kuvvetleri
map_C017_island09_win_title = Graves Kızları Yenildi!
map_C017_island09_win_desc = Buna, yani... tamamen sonsuza kadar pişman olacaksın!
map_C018_title = Ölümcül Satranç Maçı
map_C018_desc = C018 Sefer Açıklaması
map_C018_island01_name = İlk Tutunma
map_C018_island01_win_desc = Tek bir zafer seni dehama layık bir rakip yapmaz.
map_C018_island02_name = Çıkarma Başı
map_C018_island02_win_desc = Dikkat: Von Helman'ın ordusundan büyük olan tek şey egosu.
map_C018_island03_name = Harekât Üssü
map_C018_island03_win_desc = Bu imkânsız! Ben sen ve tüm ordunun toplamından daha zekiyim!
map_C018_island04_name = Kaleyi Tut
map_C018_island04_win_desc = Bravo Komutanım! Tam bir pataklamaydı!
map_C018_island05_name = Zayıf Nokta
map_C018_island05_win_desc = İşte bu Komutanım! Lobster Bay'i kaynar sudan çıkarıyorsunuz!
map_C018_island06_name = Geri Çekiliş
map_C018_island06_win_desc = Bununla Profesöre gerçekten ders verdiniz Komutanım!
map_C018_island07_name = Kara Desteği
map_C018_island07_win_desc = Sözlükte "hâkimiyet" kelimesinin altında naçizane benim yakışıklı bir resmim var.
map_C018_island08_name = Şah Mat
map_C018_island08_win_desc = Aferin! Profesörü birinci sınıf öğrencisi gibi gösteriyorsunuz!
map_C018_island09_name = Deliliğin Ağzı
map_C018_island09_win_title = İşte Bu!
map_C018_island09_win_desc = İyi haber! Karanlık İttifak'ın ikmal hatlarını kestik.
map_C019_title = Taktik Saldırı!
map_C019_desc = C019 Sefer Açıklaması
map_C019_island01_name = Kol Mesafesinde
map_C019_island01_win_desc = Kazandığını sanıyorsun, ama sadece dâhiyane tuzağıma doğru yürüyorsun!
map_C019_island02_name = Katalizör
map_C019_island02_win_desc = Profesör kendini zeki sanıyor ama siz onu aptal gibi gösterdiniz!
map_C019_island03_name = Saldırı Noktası
map_C019_island03_win_desc = Güzel atış! Von Helman'ın Zeplinine iyi kurşun sıktınız!
map_C019_island04_name = İtici Güçler
map_C019_island04_win_desc = Hemen teslim ol! Böyle bir zafer daha kazanma ihtimalin yok denecek kadar az.
map_C019_island05_name = Karşı Hamleler
map_C019_island05_win_desc = Böyle devam ederseniz Von Helman'ın deposunu kısa sürede batırırız!
map_C019_island06_name = Geçici Çözüm
map_C019_island06_win_desc = Profesörün sizi yenmek için çok daha fazla çalışması gerekecek!
map_C019_island07_name = İvmeyi Geri Kazanmak
map_C019_island07_win_desc = Zekâ katsayımın ne olduğundan haberin var mı? O kadar yükseğe sayabileceğinden bile şüpheliyim!
map_C019_island08_name = Aşil Topuğu
map_C019_island08_win_desc = Yalnızca yorucu savaş stratejin beni uyuttuğu için kaybettim.
map_C019_island09_name = Şiddetli Saldırı
map_C019_island09_win_desc = İyi haber! Von Helman'ın depo savunmalarını yardık.
map_C020_title = Tanıdık Bir Düşman
map_C020_desc = C020 Sefer Açıklaması
map_C020_island01_name = Tehlikeli Sular
map_C020_island01_win_desc = Helal olsun! Profesöre karşı bu zafere pekiyi veririm!
map_C020_island02_name = Kızıl Gelgit
map_C020_island02_win_desc = Tabii ki kazandın. Beyin gücümün yalnızca yarısını kullanıyordum!
map_C020_island03_name = Karanlığın Kıyısı
map_C020_island03_win_desc = Ha! Kitaptaki en eski numaraya kandın: "Ölü taklidi."
map_C020_island04_name = Kapıdaki Kurt
map_C020_island04_win_desc = Ne zafer Komutanım! Profesör için okul kesinlikle bitti.
map_C020_island05_name = Taşı Yontmak
map_C020_island05_win_desc = Sürerken tadını çıkar Komutan. Zafer geçicidir; deha sonsuzdur!
map_C020_island06_name = Kırık Ayna
map_C020_island06_win_desc = Sırada planladığım ustaca saldırıyı anlamak için özel ders alman gerekecek.
map_C020_island07_name = Çimenlerdeki Yılan
map_C020_island07_win_desc = Temposu artıralım! Profesörün kuvvetleri artık "zafer"i heceleyemiyor bile!
map_C020_island08_name = Kaynama Noktası
map_C020_island08_win_desc = İyi iş Komutanım! Profesörün kadrosu sona ermek üzere!
map_C020_island09_name = Acımasızca
map_C020_island09_win_desc = Yıkım alanındaki doktoramı nasıl kazandığımı sana gösterme zamanı!
map_C021_title = Lobster Bay'in Kurtuluşu
map_C021_desc = C021 Sefer Açıklaması
map_C021_island01_name = Kapıya Ayak
map_C021_island01_win_desc = Harika haber! Profesörün ikmal deposu düşmek üzere!
map_C021_island02_name = Riskli Durum
map_C021_island02_win_desc = Görünüşe göre topyekûn yok etme denklemimi değiştirmem gerekecek...
map_C021_island03_name = Anında Karşılık
map_C021_island03_win_desc = Devam edin! Bu sözde dâhiyi neredeyse şah mat ettik.
map_C021_island04_name = Kötü Niyetler
map_C021_island04_win_desc = O zaferin tadını son yemeğin gibi çıkar Komutan. Bir daha olmayacak.
map_C021_island05_name = Kırmızı Çizgi
map_C021_island05_win_desc = İyi oynadınız! Profesörün ikmal deposunu yok ettiniz.
map_C021_island06_name = Dişe Diş
map_C021_island06_win_desc = Kuzgun'un yenilgime öfkeleneceğini bilmek için dâhi olmak gerekmez.
map_C021_island07_name = Yenilginin Pençesi
map_C021_island07_win_desc = Yaşasın! Profesörün zeplini için bir ağıt yakalım!
map_C021_island08_name = Haklı Çıkmak
map_C021_island08_win_title = Profesör Von Helman Yenildi!
map_C021_island08_win_desc = Aslında kazandığına sevindim. Kuzgun'un elinde kaçınılmaz yenilgini daha da aşağılayıcı yapacak.
map_C022_title = Pacificor Kargaşası!
map_C022_desc = C022 Sefer Açıklaması
map_C022_island01_name = Savaş Bölgesi
map_C022_island01_win_desc = Vay be, ne büyük iş. Tek kollu kör bir adamı yendin.
map_C022_island02_name = Birlikleri Seferber Etmek
map_C022_island02_win_desc = İyi iş Komutanım! O "Köstebek Adam"ın ışıkları söndü.
map_C022_island03_name = Kuşatma Altında
map_C022_island03_win_desc = Güzel atış! Mollman'ın kuvvetleri ağır hasar aldı!
map_C022_island04_name = Ağır Topçu
map_C022_island04_win_desc = Diğer kolumda bir bazuka olsaydı bunu asla kazanamazdın!
map_C022_island05_name = Kuşatılmış
map_C022_island05_win_desc = Hakkınızı vermeliyim Komutanım, bu sefer Mollman'ı gerçekten fena çaktınız!
map_C022_island06_name = Moral Takviyesi
map_C022_island06_win_desc = Helal olsun! Mollman'ın savunmalarında kocaman bir delik açtınız.
map_C022_island07_name = Bombardıman
map_C022_island07_win_desc = Bir dahaki sefere seni güneşin doğmadığı yerden delip geçeceğim!
map_C022_island08_name = Bayrağı Dikin
map_C022_island08_win_desc = İyi oynadınız! Mollman'ın sizi yenmek için daha delici bir plana ihtiyacı var.
map_C023_title = Vidayı Sıkmak
map_C023_desc = C023 Sefer Açıklaması
map_C023_island01_name = Nüfuz Alanı
map_C023_island01_win_desc = İyi haber! Bu zaferle Pacificor'da bir yeraltı üssünü güvence altına aldık!
map_C023_island02_name = Baskı Uygulamak
map_C023_island02_win_desc = Sanırım artık kendi kuyumu kendim kazıyorum diyebilirsin...
map_C023_island03_name = Ayaklanmaya Karşı
map_C023_island03_win_desc = Al sana "Köstebek Adam!" Kuvvetleri sersemledi - körle yatan şaşı kalkar!
map_C023_island04_name = Taarruz Manevraları
map_C023_island04_win_desc = Mükemmel! Bu sefer Mollman'ın vidalarını iyice sıktınız.
map_C023_island05_name = Güç Gösterisi
map_C023_island05_win_desc = Hmm... görünüşe göre ünlü "Katil Matkap" hareketim biraz paslanmış.
map_C023_island06_name = Hızlı Hücum
map_C023_island06_win_desc = Harika haber! Karanlık İttifak karargâhı artık saldırı altında!
map_C023_island07_name = Eşikte
map_C023_island07_win_desc = Fantastik! Dirk Mollman'ın kuvvetleri kalbur gibi su sızdırıyor!
map_C023_island08_name = Ustalık Gösterisi
map_C023_island08_win_desc = "Ne kadar büyükse o kadar sert düşer" sözünün acı verici derecede doğru olduğunu yeni fark ettim.
map_C024_title = Karanlık İttifak'ı Tahliye Etmek
map_C024_desc = C024 Sefer Açıklaması
map_C024_island01_name = Düşman Toprağı
map_C024_island01_win_desc = Bravo! Pacificor'daki Karanlık İttifak savunmalarını yardık.
map_C024_island02_name = Sert Rüzgâr
map_C024_island02_win_desc = Devam edin! Kazmacı deliğine geri sürünmeye hazır.
map_C024_island03_name = Bahsi Yükseltmek
map_C024_island03_win_desc = Bir daha dene! Seni bir tirbuşonum arkama bağlıyken bile yenerim!
map_C024_island04_name = İlerleme Kaydetmek
map_C024_island04_win_desc = Aferin! Kazmacı'nın zırh kaplı kolundaki çatlağı buldunuz!
map_C024_island05_name = Harekât: İstikrarsızlaştırma
map_C024_island05_win_desc = Bu gerçekten acıttı! Ucube gibi görünebilirim, ama duyguları olan bir ucubeyim.
map_C024_island06_name = Öncü
map_C024_island06_win_desc = Dirk'in kuvvetlerinin kendilerini bundan kazıyıp çıkarması biraz zaman alacak!
map_C024_island07_name = Kavurucu Saldırı
map_C024_island07_win_desc = Yaşasın! Pacificor'daki Karanlık İttifak karargâhı yok edildi!
map_C024_island08_name = Ateşkese Yer Yok
map_C024_island08_win_desc = Ne diyebilirim? Bu yenilgiden sonra tamamen mahvoldum...
map_C024_island09_name = Düşman Çekiliyor
map_C024_island09_win_title = Dirk "Kazmacı" Mollman Yenildi!
map_C024_island09_win_desc = Kuzgun'a geri dönersem kendi mezarımı kazmış olurum...
map_C025_title = Kötü İlaç!
map_C025_desc = C025 Sefer Açıklaması
map_C025_island01_name = Karanlıkta Atış
map_C025_island01_win_desc = En iyi atışın bu muydu? Işkence iğneme hazırlan!
map_C025_island02_name = İlk Kan
map_C025_island02_win_desc = Güzel atış! Hemşire Malady hastalıksa siz de ilacısınız!
map_C025_island03_name = Yakın Temas
map_C025_island03_win_desc = Sayenizde Port Sylvan'ın ışıkları kısa sürede yeniden yanacak!
map_C025_island04_name = Saldırı ve Darp
map_C025_island04_win_desc = Mezarının başında kıkırdayacağım Komutan. Kahkaha en iyi ilaçtır!
map_C025_island05_name = Acı Rekabet
map_C025_island05_win_desc = Bu zaferden sonra Malady yaralarını sarıyor Komutanım!
map_C025_island06_name = Gırtlak Gırtlağa
map_C025_island06_win_desc = Helal olsun Komutanım! Bu yenilgi Malady için yutması zor bir hap.
map_C025_island07_name = Meşru Müdafaa
map_C025_island07_win_desc = Bir dahaki sefere "hastaya yaklaşım" sınavından neden kaldığımı göreceksin!
map_C025_island08_name = Cerrahi Darbe
map_C025_island08_win_desc = Bravo! Panzerlerimiz Malady'yi hemşireden hastaya çevirdi!
map_C026_title = Acı Reçetesi
map_C026_desc = C026 Sefer Açıklaması
map_C026_island01_win_desc = Tıbbın ilk kuralı "Zarar verme"dir - kuralları çiğneme zamanı!
map_C026_island02_name = Çile ve Sınavlar
map_C026_island02_win_desc = Malady'ye karşı tüm deniz zaferleriniz onu ıslak bir hemşireye çeviriyor!
map_C026_island03_name = Yakın Mesafe
map_C026_island03_win_desc = Şimdi sıra bende Komutan. Günde bir saldırı doktoru uzak tutar!
map_C026_island04_name = Kaba Oyun
map_C026_island04_win_desc = Bu, Hemşire Malady'ye kendi kötü ilacının tadını tattırıyor!
map_C026_island05_name = Yaraya Tuz
map_C026_island05_win_desc = İyi iş Komutanım! Malady'nin kuvvetleri ayakta yaralılar hâlinde.
map_C026_island06_name = Kedi Tırmığı Ateşi
map_C026_island06_win_desc = Panzerlerini bırak ve arkadan gelecek saldırıya hazırlan!
map_C026_island07_name = Tepeden Tırnağa Silahlı
map_C026_island07_win_desc = Malady'nin sigortası bu savaştaki yaralanmalarını asla karşılamaz!
map_C026_island08_name = Ateş Topu Çılgınlığı
map_C026_island08_win_desc = Bu zaferden sonra Malady kuvvetlerini dikiş atarak birleştirmek zorunda kalacak!
map_C026_island09_name = Yardım Çalışması
map_C026_island09_win_desc = Kaba yaklaşımın şimdiye kadar işe yaradı, ama cerrahi darbelerimi bekle!
map_C027_title = Port Sylvan'da Güç Oyunu
map_C027_desc = C027 Sefer Açıklaması
map_C027_island01_name = Sıkıyönetim
map_C027_island01_win_desc = Hemşire Malady'yi orada gönüllü stajyer gibi gösterdiniz!
map_C027_island02_name = Kötü İhtimaller
map_C027_island02_win_desc = Yaralı egomu iyileştirmenin tek yolu var: seninkini yok etmek!
map_C027_island03_win_desc = Sabrınız Hemşire Malady'nin askerlerini hastaya çevirdi!
map_C027_island04_name = Halat Çekme
map_C027_island04_win_desc = İyi oynadınız! Malady'nin kuvvetleri artık kritik durumda.
map_C027_island05_name = Karşı Komplo
map_C027_island05_win_desc = Yaşam desteğinde olabilirim, ama senin fişini çekmek üzereyim!
map_C027_island06_name = Direnmek
map_C027_island06_win_desc = Tebrikler Komutanım! Port Sylvan'a elektrik geri geldi.
map_C027_island07_name = Devirmek
map_C027_island07_win_desc = Sanırım Hemşire Malady kontrolünden kalacak Komutanım!
map_C027_island08_name = Zaferin Eşiği
map_C027_island08_win_desc = Kuzgun'a yenilgimi bildirmeyi düşünmek bile midemi bulandırıyor...
map_C027_island09_name = Güvenli Geçiş
map_C027_island09_win_title = Hemşire Malady Burns Yenildi!
map_C027_island09_win_desc = Yenilginin tek çaresi yüklü bir doz intikamdır.
map_C028_title = Cennette Sorun
map_C028_desc = C028 Sefer Açıklaması
map_C028_island01_name = Hâkim Rüzgârlar
map_C028_island01_win_desc = LeChomp hiçbir yere gitmiyor!
map_C028_island02_name = Fırtınayı Atlatmak
map_C028_island02_win_desc = Güzel atış! LeChomp'un kuvvetlerini bataklığına geri yollayalım!
map_C028_island03_name = Ortalığı Dalgalandırmak
map_C028_island03_win_desc = Bravo Komutanım! LeChomp, Tranquility Cove'un başına bela!
map_C028_island04_name = Yoldaki Tümsek
map_C028_island04_win_desc = Kolay görünebilir, ama LeChomp'un hâlâ büyük bir ısırığı var.
map_C028_island05_name = Çapraz Ateşte
map_C028_island05_win_desc = Helal olsun Komutanım! Beau LeChomp'un çenesini gerçekten kapattınız!
map_C028_island06_name = Önleyici Tedbirler
map_C028_island06_win_desc = Pes etmeyecek kadar kalın derili!
map_C028_island07_name = Başarıyla
map_C028_island07_win_desc = Devam edin! Tranquility Cove Beau'dan kurtulmak için sabırsızlanıyor.
map_C028_island08_name = Çöküş
map_C028_island08_win_desc = Güzel! Böyle devam ederseniz Beau kurtarsın diye annesine ağlayacak.
map_C029_title = Karşı Isırık!
map_C029_desc = C029 Sefer Açıklaması
map_C029_island01_name = Parmağının Altında
map_C029_island01_win_desc = Mükemmel! Bu sefer LeChomp'un kuvvetlerini gerçekten bataklığa gömdünüz!
map_C029_island02_name = Gözetleme Noktası
map_C029_island02_win_desc = İyi iş! Bu zafer LeChomp'un boğazına dizildi!
map_C029_island03_name = Harekât: Misilleme
map_C029_island03_win_desc = Beau yakında bataklıktaki kulübesine sürünerek geri dönecek.
map_C029_island04_name = Ayaklanma
map_C029_island04_win_desc = Bu yenilgi LeChomp'a çiğneyecek bir şeyler verir...
map_C029_island05_name = Bumerang Etkisi
map_C029_island05_win_desc = LeChomp'u orada "LeKeriz" gibi gösteriyorsunuz!
map_C029_island06_name = Metanet
map_C029_island06_win_desc = Bu yenilgiden sonra bahse girerim LeChomp zabıtayı arıyordur!
map_C029_island07_name = Kalpler ve Zihinler
map_C029_island07_win_desc = Böyle birkaç zafer daha ve Beau kokuşmuş bataklığına emekliye ayrılacak!
map_C029_island08_name = Rahat Yol
map_C029_island08_win_desc = LeChomp "Teslim oluyorum!" diye bağırsa bile onu anlayacağımızdan şüpheliyim.
map_C029_island09_name = Alçağı Pataklamak
map_C029_island09_win_desc = Beau da buradaki küçük evcil hayvanı kadar kalın kafalı!
map_C030_title = Kreol Çatışması
map_C030_desc = C030 Sefer Açıklaması
map_C030_island01_name = Sınır Bölgesi
map_C030_island01_win_desc = İyi haber! Tranquility Cove LeChomp'a karşı karşılık veriyor!
map_C030_island02_name = Komuta ve Fetih
map_C030_island02_win_desc = Beau bununla resmen toz yuttu!
map_C030_island03_name = Kör Noktaya Saldırı
map_C030_island03_win_desc = İşte bu! LeChomp'un kuvvetlerinin dişlerini söktünüz!
map_C030_island04_name = Felaket Tarifi
map_C030_island04_win_desc = O koca ağzıyla Beau acının tadına iyi varıyordur!
map_C030_island05_name = Ayaklar Altında
map_C030_island05_win_desc = Harika haber! Madenlerin bir kısmı kurtarıldı!
map_C030_island06_name = Ucuz Pis İşler
map_C030_island06_win_desc = Belki Beau ve küçük evcil hayvanı, onu yendikten sonra hayvanat bahçemize güzel bir katkı olur!
map_C030_island07_name = Toprak Kapmaca
map_C030_island07_win_desc = Tranquility Cove bu sefilden kurtulmak üzere! Bir tane daha kaldı Komutanım!
map_C030_island08_name = Suda Ölü
map_C030_island08_win_title = Beau LeChomp Yenildi!
map_C030_island08_win_desc = Başardık! Tranquility Cove, LeChomp'un pençelerinden kurtuldu!
map_C031_title = Gizem Görevi
map_C031_desc = C031 Sefer Açıklaması
map_C031_island01_name = Kıyıda Köşede
map_C031_island01_win_desc = Buna zafer mi diyorsun? Ben buna açıklanamaz bir olgu diyorum.
map_C031_island02_name = Aldatma Sanatı
map_C031_island02_win_desc = Dikkat Komutanım: Yılanbalığı yalnızca kaygan değil, aynı zamanda sinsi ve yapışkan.
map_C031_island03_name = İkili Oyun
map_C031_island03_win_desc = Bir dahaki sefere senden iki adım önde olacağım... ve bir adım da arkada.
map_C031_island04_name = Gri Tonları
map_C031_island04_win_desc = İyi iş! Yılanbalığı'nın gizli kuvvetleri tamamen ifşa oldu!
map_C031_island05_name = Daha İyi Bir Fare Kapanı
map_C031_island05_win_desc = Bir daha dene! Benimle savaşmak suyla savaşmak gibidir - nafile bir uğraş.
map_C031_island06_name = Yeniden Doğuş
map_C031_island06_win_desc = Devam edin! Avaron halkına isyan için ilham verdiniz!
map_C031_island07_name = Pusuda Beklemek
map_C031_island07_win_desc = Yapacağın her hamleyi sen daha düşünmeden biliyorum!
map_C031_island08_name = Perdeyi Aralamak
map_C031_island08_win_desc = Yeniden karşılaştığımızda neye uğradığını bilemeyeceksin... ta ki kahkahamı duyana kadar!
map_C032_title = Avaron Saldırısı!
map_C032_desc = C032 Sefer Açıklaması
map_C032_island01_name = Pusu Körfezi
map_C032_island01_win_desc = Helal olsun Komutanım! Yılanbalığı'na kendi kuyruğunu ısırttınız.
map_C032_island02_name = Tuzak Çukuru
map_C032_island02_win_desc = Güzel atış! Umarım Yılanbalığı hava kuvvetlerine yüzmeyi öğretmiştir!
map_C032_island03_name = Kıskaçtan Geçmek
map_C032_island03_win_desc = Ben salladığın ama içinde ne olduğunu tahmin edemediğin bir hediye paketi gibiyim.
map_C032_island04_name = Boşluk
map_C032_island04_win_desc = Mükemmel! Kuzgun'un yeni kalesinin ikmalini kestik!
map_C032_island05_name = Fazlasıyla
map_C032_island05_win_desc = Beni yeniden yenmenin sırrı çözülemez bir gizem!
map_C032_island06_name = Tam Gaz
map_C032_island06_win_desc = Yılanbalığı'ndaki tek gizemli şey neden bu kadar kendini beğenmiş olduğu!
map_C032_island07_name = Aşırı Hız
map_C032_island07_win_desc = Harika iş! Yılanbalığı'nın kuvvetlerini akıntıya karşı yüzdürüyorsunuz!
map_C032_island08_name = Pamuk İpliğinde
map_C032_island08_win_desc = O zaferi benden çaldın. Sıradaki savaşta onu geri çalacağım... faiziyle.
map_C032_island09_name = İşin Özü
map_C032_island09_win_desc = İyi haber! Bazı Avaronluları zorla çalıştırılmaktan kurtardınız!
map_C033_title = Düşmanı Yakalamak
map_C033_desc = C033 Sefer Açıklaması
map_C033_island01_name = Çalıları Dövmek
map_C033_island01_win_desc = Sıradaki savaşta duman gibi olacağım: gözüne girip seni ağlatacağım.
map_C033_island02_name = Tehlikeli Arazi
map_C033_island02_win_desc = Gevşemeyin! Yılanbalığı'nın savunmalarını oltaya takıp çekiyoruz!
map_C033_island03_name = Parçaları Toplamak
map_C033_island03_win_desc = Tahminim şu ki bir sonraki zaferin bana benzeyecek - son derece yakalanmaz!
map_C033_island04_name = Al Gülüm Ver Gülüm
map_C033_island04_win_desc = Bravo Komutanım! Yılanbalığı'nı ciyak ciyak bağırtıyorsunuz!
map_C033_island05_name = Deliliğin Yöntemi
map_C033_island05_win_desc = Harika atış! Görünüşe göre Yılanbalığı deliğine geri sürünüyor!
map_C033_island06_name = Altyapı Saldırısı
map_C033_island06_win_desc = Beni yenmedin. Varlığından bile haberin olmayan bir benzerimi yendin.
map_C033_island07_name = Güç Oyunu
map_C033_island07_win_desc = Yaşasın! Avaron halkı özgür ve Kuzgun'un kalesi yarım kaldı.
map_C033_island08_name = Ustaca Darbe
map_C033_island08_win_desc = O son zafer hayal gücünün bir ürününden başka bir şey değildi.
map_C033_island09_name = Kontrolü Ele Geçirmek
map_C033_island09_win_title = Yılanbalığı Yenildi!
map_C033_island09_win_desc = Görünüşe göre sonunda kazandın. Ama görünüş aldatıcı olabilir... tıpkı benim gibi!
map_C034_title = Blister Reef'e Giriş
map_C034_desc = C034 Sefer Açıklaması
map_C034_island01_name = Kasırga Limanı
map_C034_island01_win_desc = Bir yenilginin beni rahatsız ettiğini mi sanıyorsun? Ben kahvaltıda Turuncu Ajan Suyu içerim!
map_C034_island02_name = Zorla Girmek
map_C034_island02_win_desc = Helal olsun! Umarım Çavuş ere indirilir!
map_C034_island03_name = Tali Hasar
map_C034_island03_win_desc = İyi haber Komutanım! Blister Reef'e karşılık vermesi için ilham verdiniz!
map_C034_island04_name = Zor Durumda
map_C034_island04_win_desc = Dikkat et evlat, hafızam uzun, fitilim kısadır!
map_C034_island05_name = Virajı Dönünce
map_C034_island05_win_desc = Unutma: Dan O'Might demek, Ölü Olarak Geldi demek!
map_C034_island06_name = Doğru Malzeme
map_C034_island06_win_desc = Görünüşe göre Çavuş'un yeni acemiler toplaması gerekecek!
map_C034_island07_name = Üst Makam
map_C034_island07_win_desc = Bir yenilgi daha mı? Dert değil - Çavuş hâlâ iri, hâlâ patron!
map_C034_island08_name = Son Adalet
map_C034_island08_win_desc = Bu zafer Çavuş'un tepesini attıracak!
map_C035_title = Muhalefeti Ezmek
map_C035_desc = C035 Sefer Açıklaması
map_C035_island01_win_desc = Böyle devam Komutanım! Blister Reef madenlerinin bir kısmını geri aldı!
map_C035_island02_name = Suç Kastı
map_C035_island02_win_desc = Bir dahaki sefere sana "Pes... pes ettim!" diye bağırtacağım!
map_C035_island03_name = Üstün Ateş Gücü
map_C035_island03_win_desc = Bravo! Sayenizde Çavuş'un yıkım timi fos çıktı.
map_C035_island04_name = Hataya Yer Yok
map_C035_island04_win_desc = Kendini çok zeki sanıyorsun. Akıllı bombalarım seni aptal gibi gösterecek!
map_C035_island05_name = Rütbe Oynamak
map_C035_island05_win_desc = Güzel atış! Çavuş'un savunmaları etkisiz hâle getirildi.
map_C035_island06_name = Yürütme Emri
map_C035_island06_win_desc = İyi adamlık bitti. Acı Treni istasyona giriyor!
map_C035_island07_name = Askerî Başyapıt
map_C035_island07_win_desc = Sıradaki savaşta geldiğimi bile görmeyeceksin - ben hayalet bir bombardıman uçağıyım!
map_C035_island08_name = Yüksek Onur
map_C035_island08_win_desc = Mükemmel! Blister Reef cevherini taşıyan bir Karanlık İttifak sevkiyatını ele geçirdik!
map_C035_island09_name = Güç Kulesi
map_C035_island09_win_desc = Beni öldürmeyen her şey sadece daha güçlü patlayıcılar kullanmamı sağlar!
map_C036_title = Büyük Patlama!
map_C036_desc = C036 Sefer Açıklaması
map_C036_island01_name = Silahlanma Yarışı
map_C036_island01_win_desc = Çavuş'un fitilini söndürdünüz Komutanım!
map_C036_island02_name = Ateş Serbest
map_C036_island02_win_desc = Bir daha böyle ucuz bir zafer kazanırsan beynini patlatırım!
map_C036_island03_name = Artçı Şok
map_C036_island03_win_desc = Harika haber! Birkaç zafer daha ve Çavuş patlamaya hazır!
map_C036_island04_name = Pusu Kurmak
map_C036_island04_win_desc = Bunu bir daha dene, duyacağın son şey benim "Ateş, gebereceksin!" diye bağırmam olur!
map_C036_island05_name = Geri Tepme
map_C036_island05_win_desc = Blister Reef'in cevherini geri aldık ve Kuzgun'un kalesindeki çalışmaları durdurduk!
map_C036_island06_name = Ses Duvarı
map_C036_island06_win_desc = Tebrikler! Bu zafer Şeref Madalyası'nı hak ediyor!
map_C036_island07_name = Patlak
map_C036_island07_win_desc = Kuzgun bunu duyunca dikkat edin! Adamın patlamaya hazır bir huyu var.
map_C036_island08_name = Topyekûn Yok Etme
map_C036_island08_win_title = Çavuş Dan O'Might Yenildi!
map_C036_island08_win_desc = Kahrolasın evlat! Duyduğun ses gök gürültüsü değil - geleceğimin içine çöküşü!
map_C037_title = Ithmar Ayaklanması!
map_C037_desc = C037 Sefer Açıklaması
map_C037_island01_name = Uzak Bölge
map_C037_island01_win_desc = Şanslı aptal yalnızca bir kez kazanır; muhteşem savaş ağası ise defalarca.
map_C037_island02_name = Silaha Sarılmak
map_C037_island02_win_desc = Sanırım bu zafer Kung Fucius'u deniz tutturdu Komutanım!
map_C037_island03_name = Harekât: Yerleştirme
map_C037_island03_win_desc = Kung Fucius der ki: "Üstün bir rakibi yenen, ödünç zamanda yaşar."
map_C037_island04_name = Kapıları Kırmak
map_C037_island04_win_desc = Dikkat: Kung Fucius köşeye sıkıştığı zamanki kadar hiç tehlikeli değildir.
map_C037_island05_name = Kuşatma Kurmak
map_C037_island05_win_desc = İyi haber! Ithmar'a bazı enerji hatlarını geri alması için ilham verdiniz!
map_C037_island06_name = Kükreyerek Dönüş
map_C037_island06_win_desc = Benim yenilgim mi? Olasılık dışı. Senin sonun mu? Kaçınılmaz.
map_C037_island07_name = Hükümranlık
map_C037_island07_win_desc = Bu zafer doyurucuydu ama bahse girerim bir tane daha için açsınız!
map_C037_island08_name = Nafile Bir Uğraş
map_C037_island08_win_desc = Önemli olan yolculuk değil - kırıp geçirmek! Helal olsun Komutanım!
map_C038_title = Şok ve Dehşet
map_C038_desc = C038 Sefer Açıklaması
map_C038_island01_name = İlk Taşı Atmak
map_C038_island01_win_desc = Bu yenilgiyi anmak için sana bir haiku yazdım: "Asla. Bir daha."
map_C038_island02_name = Ateşle İmtihan
map_C038_island02_win_desc = Yaşasın! Elektrik şebekesinin bir kısmının kontrolünü geri aldık!
map_C038_island03_name = Deha Pırıltısı
map_C038_island03_win_desc = Kung Fucius der ki: "Yenilgide onur vardır, ama yalnızca düşmanının yenilgisindeyse."
map_C038_island04_name = Yıkım Topu
map_C038_island04_win_desc = Kung'un gemilerini batırmaya devam edin, denizin dibi dolacak!
map_C038_island05_name = Sisteme Şok
map_C038_island05_win_desc = İzin ver sana bedava bir bilgelik sözü vereyim: "Başarısızlığa hazırlan."
map_C038_island06_name = Hak Edilen Ceza
map_C038_island06_win_desc = Kung Fucius der ki: "Ağzın kuzgun etiyle doluyken atasözü söylemek zordur."
map_C038_island07_name = Silip Süpürmek
map_C038_island07_win_desc = Güzel iş Komutanım! Düşman kuvvetlerinin kafasını tamamen kung-fuladınız!
map_C038_island08_name = Yıldırım Çarpmış
map_C038_island08_win_desc = Başarılı! Valkyrie'nin gücü %50'ye geri çıktı!
map_C038_island09_name = Son Fetih
map_C038_island09_win_desc = Bunu bir daha dene, gözünün önünde ninja yıldızları uçuşacak!
map_C039_title = Ölümcül Dövüş
map_C039_desc = C039 Sefer Açıklaması
map_C039_island01_name = Zor Kullanmak
map_C039_island01_win_desc = Zafer! Kung Fucius'un ışıklarını söndürüyorsunuz!
map_C039_island02_name = Boyun Eğmeyen
map_C039_island02_win_desc = Mükemmel! Kung'un siyah kuşaklarını... morluklara çevirdiniz!
map_C039_island03_name = Belden Aşağı
map_C039_island03_win_desc = İyi bir savaşçı hatalarından ders alır. İyi bir savaş ağası onların intikamını alır.
map_C039_island04_name = Denk Değil
map_C039_island04_win_desc = İşte bu ruh! Kung Fucius yakında çaresiz ve güçsüz kalacak!
map_C039_island05_name = Öfkeli Yumruklar
map_C039_island05_win_desc = Kung Fucius der ki: "Zaferin tadını çıkaran, sonunda yenilgide boğulur."
map_C039_island06_name = Darbeye Darbe
map_C039_island06_win_desc = Arı yalnızca bir kez sokar; eşek arısı defalarca. Açık olayım: eşek arısı benim.
map_C039_island07_name = Üstün Taraf
map_C039_island07_win_desc = Sanırım Kung Fucius'u kuvvetlerinin ne kadar sönük olduğu konusunda aydınlattınız!
map_C039_island08_name = Aşırı Güç
map_C039_island08_win_desc = Gevşemeyin! Bu güç mücadelesini kazanmanın eşiğindesiniz!
map_C039_island09_name = Zorbayı Boğmak
map_C039_island09_win_desc = Kung Fucius der ki: "Zarar olmadan uyum olmaz."
map_C040_title = Bitiriş Hamleleri
map_C040_desc = C040 Sefer Açıklaması
map_C040_island01_name = Kan Davası
map_C040_island01_win_desc = Temposu artırın Komutanım! Dr. Seabolt tam gücü geri getirmeniz için size güveniyor!
map_C040_island02_name = Savaş Sanatı
map_C040_island02_win_desc = Tecrübe bize alçakgönüllülüğü öğretir; yenilgi bilgeliği; intikam ise coşkuyu.
map_C040_island03_name = Acıyı Getirmek
map_C040_island03_win_desc = Kung Fucius der ki: "Şan hiç düşmemekte değil, bizi düşürenleri öldürmektedir."
map_C040_island04_name = Ağır Darbe
map_C040_island04_win_desc = Harika atış! Ithmar kısa sürede mumları elektrikle değiştirecek!
map_C040_island05_name = Savunmada
map_C040_island05_win_desc = Talih vefasız ve geçicidir - zafer şiddetli olanı ziyaret eder!
map_C040_island06_name = Ekstra Çaba
map_C040_island06_win_desc = Tüm bu zaferlerle rakibinizi kung-fu-ria ediyorsunuz!
map_C040_island07_name = İradenin Zaferi
map_C040_island07_win_desc = Böyle devam ederseniz Kung Fucius'u kendi gemisinde tahtada yürütürsünüz!
map_C040_island08_name = Ölüm Kıskacı
map_C040_island08_win_desc = Kung Fucius der ki: "Kuzgun ölümümü öğrendiğinde akbabaya dönecek."
map_C040_island09_name = Öldürücü Darbe
map_C040_island09_win_title = Kung Fucius Yenildi!
map_C040_island09_win_desc = Kung Fucius der ki: "Yolculuğun kendisi ödüldür... ruhu ezen bir yenilgiyle bitmedikçe."
map_C041_title = Büyük Hesaplaşma!
map_C041_desc = C041 Sefer Açıklaması
map_C041_island01_name = Çekici Düşman
map_C041_island01_win_desc = Ayıp sana, sevgilim! Bir hanımefendiye böyle davranılmaz.
map_C041_island02_name = Doğruluk mu Cesaret mi
map_C041_island02_win_desc = Vay! Bu zafer gerçek bir güzellik harikasıydı... Düşes'in aksine.
map_C041_island03_name = Aşkta ve Savaşta Her Şey Mubah
map_C041_island03_win_desc = Bravo Komutanım! Bu yenilgiden sonra Düşes'in yüz bakımına ihtiyacı olacak!
map_C041_island04_name = Doldur ve Nişan Al
map_C041_island04_win_desc = Kaybetmeye alışık değilim. Çok kötü bir his... erkeğin sırtındaki kıllar gibi.
map_C041_island05_name = Ölümcül Kararlar
map_C041_island05_win_desc = Ben bir düşesim! Benim ülkemde asilzadeleri vurmak suç sayılır!
map_C041_island06_name = Zayıf İhtimal
map_C041_island06_win_desc = Sayenizde Komutanım, Düşes'in bugün saçı başı dağınık!
map_C041_island07_name = Kaderi Zorlamak
map_C041_island07_win_desc = İyi haber! Düşes'in pes etmeye hazır olduğuna dair bir ihbar aldık!
map_C041_island08_name = Bitirmek
map_C041_island08_win_desc = Bunu yakında yine yapmalıyız sevgilim. Ama bir dahaki sefere... üstte ben olacağım!
map_C042_title = San Topaz Çatışması!
map_C042_desc = C042 Sefer Açıklaması
map_C042_island01_name = Tropik Gök Gürültüsü
map_C042_island01_win_desc = Üzgünüm ama Düşes suikastçılıkta sınıfının en fenasıdır!
map_C042_island02_name = Baskı Altında
map_C042_island02_win_desc = Mükemmel iş Komutanım! Keskin nişancılık dediğin budur!
map_C042_island03_name = Savaş ya da Kaç
map_C042_island03_win_desc = Bazen bir hanımefendinin kazanmasına izin verecek kadar kibar erkekleri severim...
map_C042_island04_name = Darmadağın
map_C042_island04_win_desc = Babacığım hep derdi ki: "İrade varsa, infaz da vardır."
map_C042_island05_name = Çıkış Yok
map_C042_island05_win_desc = Harika atış Komutanım! Bu zafer tam on ikiden vurdu!
map_C042_island06_name = Ölüm Dansı
map_C042_island06_win_desc = Şimdi durmayın! San Topaz arkanızda saf tutmaya hazır!
map_C042_island07_name = Keskin Nişancılık
map_C042_island07_win_desc = Bu yenilgiden sonra susturucuyu çıkaracağım ki öldürücü atışımı duyabilesin!
map_C042_island08_name = Rezalete Son
map_C042_island08_win_desc = Böyle devam! Çok yakında Düşes'in saçları bembeyaz olacak!
map_C043_title = Kaplanı Kuyruğundan Yakalamak
map_C043_desc = C043 Sefer Açıklaması
map_C043_island01_name = Kaderle Randevu
map_C043_island01_win_desc = Zaferine gülümsediğini görünce tetik parmağım öyle fena kaşınıyor ki!
map_C043_island02_name = Üstünlük Arayışı
map_C043_island02_win_desc = Harika haber Komutanım! San Topaz sizin önderliğinizi izliyor!
map_C043_island03_name = Şalteri İndirmek
map_C043_island03_win_desc = Bir dahaki sefere seni nasıl öldüreceğim? Dur yollarını sayayım...
map_C043_island04_name = Şafaktan Önceki Karanlık
map_C043_island04_win_desc = Şuna bakın! Düşes'in kuvvetleri artık gerçekten tutukluk yapıyor!
map_C043_island05_name = Uçurumun Kenarından Dönüş
map_C043_island05_win_desc = Sanırım Düşes monogramlı havlusunu atmaya neredeyse hazır!
map_C043_island06_name = Risk Almadan Olmaz
map_C043_island06_win_desc = Özel bir gün için saklıyordum, ama artık gümüş kurşunumu hak ettin!
map_C043_island07_name = Beklenmedik Sonuçlar
map_C043_island07_win_desc = Zafer! San Topaz'ı yeniden ordusunun başına geçirdiniz!
map_C043_island08_name = Taraf Değiştirmek
map_C043_island08_win_desc = Kaybetmekten daha kötü tek şey... Kuzgun'a kaybettiğimi söylemek.
map_C043_island09_name = Tamam ve Son
map_C043_island09_win_title = Düşes Yenildi!
map_C043_island09_win_desc = Beni dinle sevgilim. Sana şimdi reddedemeyeceğin bir teklif yapacağım...
map_C044_title = Kas Savaşı
map_C044_desc = C044 Sefer Açıklaması
map_C044_island01_name = Kafa Kafaya
map_C044_island01_win_desc = Bir zafer sıfırdan yalnızca bir fazladır - o zafer çok az şey ifade ediyordu!
map_C044_island02_name = Kapışmaya Hazır
map_C044_island02_win_desc = Gevşemeyin! Bu yılan Corte Marino rehinelerini ezebilir!
map_C044_island03_name = Güçlü Yumruklar
map_C044_island03_win_desc = Engerek'in cılız zaferin için iki kelimesi var: HAHA! Yoksa bu tek kelime mi...?
map_C044_island04_name = Gözü Dönmek
map_C044_island04_win_desc = Ne zafer! Bu sefer Engerek'e gününü gösterdiniz!
map_C044_island05_name = Kan Akıtmak
map_C044_island05_win_desc = Bir dahaki sefere seni çok pahalı botumun altında böcek gibi ezeceğim!
map_C044_island06_name = Gövde Darbeleri
map_C044_island06_win_desc = Güzel atış Komutanım! Engerek'in kuvvetlerinin bir kısmının dişlerini söktünüz!
map_C044_island07_name = Sersemlemiş
map_C044_island07_win_desc = İyi iş! Engerek vakıf fonuyla kendine biraz akıl satın almalı.
map_C044_island08_name = Topuklarının Üstünde
map_C044_island08_win_desc = Sıradaki savaşımızda hiçbir şey Engerek'i durduramaz! Ben Büyük Patlama'dan bile büyüğüm!
map_C044_island09_name = Nakavt
map_C044_island09_win_desc = Bu herifin steroidlerini alın, bir manken kadar korkutucu kalır!
map_C045_title = Vurucu Kuvvet!
map_C045_desc = C045 Sefer Açıklaması
map_C045_island01_name = Yılan Avı
map_C045_island01_win_desc = Yakında "zafer" kelimesini hecelemeyi öğreneceğim, sen de yenilgiyi sevmeyi öğreneceksin!
map_C045_island02_name = Zehrini Seç
map_C045_island02_win_desc = Bu herif göründüğü kadar aptalsa muhtemelen "teslim" kelimesini de heceleyemiyordur.
map_C045_island03_name = Ani Darbe
map_C045_island03_win_desc = Beni fethedemezsin! Ben yenilemezmezim!
map_C045_island04_name = Zehir Dolu
map_C045_island04_win_desc = Devam edin Komutanım! Engerek çözülmeye başladı!
map_C045_island05_name = Canavarın Karnı
map_C045_island05_win_desc = Engerek yenilgileri yılanın deri değiştirmesi gibi atar... ama yenilgilerimi yemem.
map_C045_island06_name = Soğukkanlılıkla
map_C045_island06_win_desc = Aferin! Engerek'i böyle yenersiniz - kuyruğundan ısırarak!
map_C045_island07_name = Menteşeden Çıkmış
map_C045_island07_win_desc = Bebek gibi dövüşüyorsun Komutan! Sana Engerek Bezi takma zamanı!
map_C045_island08_name = Çözülmüş
map_C045_island08_win_desc = Beni bir daha yenemezsin! Beni yenebilecek tek kişi... benim!
map_C046_title = Siper Savaşı
map_C046_desc = C046 Sefer Açıklaması
map_C046_island01_name = Siper Kazmak
map_C046_island01_win_desc = Çatal dille konuşmayı unutun - bu yılan zar zor konuşabiliyor!
map_C046_island02_name = Yıpratma Savaşı
map_C046_island02_win_desc = Avımla oyun oynamak yok artık! Şimdi Engerek seni bütün olarak yutacak!
map_C046_island03_name = Aşındırmak
map_C046_island03_win_desc = Süper! Böyle birkaç zafer daha ve Engerek taaaarihe karışacak!
map_C046_island04_name = Mevzilenmiş
map_C046_island04_win_desc = Kaybetmeyi reddediyorum! Kaybettiğim zamanlar hariç. O zaman reddetmenin anlamı yok.
map_C046_island05_name = Süvari Çağırmak
map_C046_island05_win_desc = Bu yenilgiden sonra Engerek alnına "kaybeden" dövmesi yaptırmalı!
map_C046_island06_name = Şarampolü Dövmek
map_C046_island06_win_desc = Cesur hamle, seni yılan. Aa dur... Engerek benim!
map_C046_island07_name = Ateş Girdabı
map_C046_island07_win_desc = Güzel iş Komutanım! Engerek'e karşı bu zafer tam bir soğukkanlılıktı!
map_C046_island08_name = Siperden Çıkış
map_C046_island08_win_desc = Bu imkânsızsız! Kaslarımın büyüklüğünün zaferi garantilediğini sanıyordum!?
map_C047_title = Boğaz Kıskacı
map_C047_desc = C047 Sefer Açıklaması
map_C047_island01_name = Hayat Okulu
map_C047_island01_win_desc = Şuna bakın Komutanım! Engerek'in kuvvetlerinin bir kısmı sürünerek kaçıyor!
map_C047_island02_name = Sınırları Zorlamak
map_C047_island02_win_desc = Bir dahaki sefere saldırı menziline girdiğinde Engerek tankını ısıracak!
map_C047_island03_name = Zor Dersler
map_C047_island03_win_desc = Tebrikler! Engerek'in kıskacından bazı rehineleri kurtardınız!
map_C047_island04_name = Tutukluluk
map_C047_island04_win_desc = Nasıl sürekli kazanıyorsun?! Basmadığım gizli bir düğme olmalı...
map_C047_island05_name = Sınıfı Geçmek
map_C047_island05_win_desc = Engerek adını "Buhar" olarak değiştirmeli, çünkü az önce duman oldu!
map_C047_island06_name = Final Sınavı
map_C047_island06_win_desc = Parlak! Tüm rehineler güvenle Corte Marino'ya döndü!
map_C047_island07_name = Mezuniyet Günü
map_C047_island07_win_desc = Kuzgun bana yalan söyledi! Kaybedemeyeceğimi söylemişti! Yoksa "kaybetmemeliyim" mi demişti...?
map_C047_island08_name = Okul Bitti
map_C047_island08_win_title = Engerek Yenildi!
map_C047_island08_win_desc = Bazıları kaybetmenin karakter kazandırdığını söyler. Engerek kaybetmenin kaybeden kazandırdığını söyler!
map_C048_title = Gece Yarısı Vuruşu
map_C048_desc = C048 Sefer Açıklaması
map_C048_island01_name = Sonun Başlangıcı
map_C048_island01_win_desc = O zaferi bir hediye say. Ama bir tane daha bekleme.
map_C048_island02_name = Geri Sayım
map_C048_island02_win_desc = Güzel atış Komutanım! Kuzgun rezil oldu!
map_C048_island03_name = Zaman Gösterecek
map_C048_island03_win_desc = Helal olsun Komutanım! Kafatası Adası'nda epey kafa kırdınız!
map_C048_island04_name = Karanlık Günler
map_C048_island04_win_desc = Kim zalim olduğumu söylüyor? Sıradaki savaşta ıstırabına çabucak son vereceğim.
map_C048_island05_name = Uyandırma Servisi
map_C048_island05_win_desc = Başarılı! Kuzgun'un burnunu sürtmek şapkanızda epey büyük bir tüy!
map_C048_island06_name = İkinci Şanslar
map_C048_island06_win_desc = İyi iş! Kuzgun'un kuvvetleri tamamen yolundu!
map_C048_island07_name = Kızgın Öğle
map_C048_island07_win_desc = Burası Kafatası Adası! Tekdüze savaş planın burayı "Sıkıcı Ada"ya çeviriyor.
map_C048_island08_name = Belirleyici Etken
map_C048_island08_win_desc = Güzel iş Komutanım! Karanlık İttifak'ı çocuk oyuncağına çeviriyorsunuz!
map_C049_title = Kafatası Adası Kuşatması
map_C049_desc = C049 Sefer Açıklaması
map_C049_island01_name = İleri Marş
map_C049_island01_win_desc = Bir dahaki sefere mezar taşında şu yazacak: "Burada başarısızlığın vücut bulmuş hâli yatıyor."
map_C049_island02_name = Dünyanın Yükü
map_C049_island02_win_desc = Böyle devam edin Komutanım, Kuzgun kışı hapiste geçirmek için göç edecek!
map_C049_island03_name = Harekât: İstila
map_C049_island03_win_desc = Sıradaki savaşımız için planladıklarımı düşündükçe sana gerçekten acıyorum.
map_C049_island04_name = Engeli Aşmak
map_C049_island04_win_desc = Devam edin! Kafatası Adası'ndan bazı esirleri serbest bıraktık!
map_C049_island05_name = Doğrudan Çatışmada
map_C049_island05_win_desc = İşte bu ruh Komutanım! Bu kuş beyinliye bir son verin!
map_C049_island06_name = Dişini Sıkmak
map_C049_island06_win_desc = Kurşunlarımın israfı olduğunu söylemek devasa bir hafife almak olur...
map_C049_island07_name = Harap Etmek
map_C049_island07_win_desc = Aferin! Kuzgun benim babam olabilir, ama asıl baba sizsiniz!
map_C049_island08_name = Baltaları Gömmek
map_C049_island08_win_desc = Bravo! Yakında Kuzgun Güneş Fırtınası'na el sallayıp veda etmek zorunda kalacak!
map_C050_title = Savunmaları Parçalamak!
map_C050_desc = C050 Sefer Açıklaması
map_C050_island01_name = Son Hamle
map_C050_island01_win_desc = Sana karşı küçümsemeden başka bir şey hissetmiyorum. Bu da hak ettiğinden fazlası.
map_C050_island02_name = Sapanlar ve Oklar
map_C050_island02_win_desc = Aptal! Umudumun uçup gittiğini mi sanıyorsun? Asla, bir daha asla!
map_C050_island03_name = Bataklık
map_C050_island03_win_desc = Mükemmel iş! Kuzgun'a kendi etini yedirmenin yolu bu!
map_C050_island04_name = Zalim Talih
map_C050_island04_win_desc = Nasıl yaptığınızı bilmiyorum Komutanım - kargaşa içinde şiir gibiydi!
map_C050_island05_name = Dertler Denizi
map_C050_island05_win_desc = O zaferi gerçekten hak ettiğini mi sanıyorsun?! Bir dahaki sefere hükmen yenilgiyi kabul et.
map_C050_island06_name = Bin Doğal Sarsıntı
map_C050_island06_win_desc = Gevşemeyin Komutanım! Kuzgun'un kuvvetlerini tavuğa çeviriyorsunuz!
map_C050_island07_name = Zamanın Sınavı
map_C050_island07_win_desc = Bu zaferden sonra herkes becerilerinizi dilinden düşürmeyecek!
map_C050_island08_name = Keşfedilmemiş Ülke
map_C050_island08_win_desc = Bundan böyle savaş ustalığımın büyüklüğü Richter ölçeğini aşacak!
map_C050_island09_name = İyiye Karşı Kötü
map_C050_island09_win_desc = Yaşasın! Kuzgun'u gerçekten yere indirdiniz!
map_C051_title = Nişangâhta
map_C051_desc = C051 Sefer Açıklaması
map_C051_island01_name = Sıfır Noktası
map_C051_island01_win_desc = Sen dama oynuyorsun Komutan, bense satranç. Şah mata hazırlan!
map_C051_island02_name = Zor Hedef
map_C051_island02_win_desc = Harika iş! Kuzgun'un kuvvetleri gökten yağıyor!
map_C051_island03_name = Nişan Almak
map_C051_island03_win_desc = İki seçeneğin var: teslim ol ya da öl. Gerçi ikisini birden tercih ederdim!
map_C051_island04_name = Çekişme Noktası
map_C051_island04_win_desc = Parlak! Kuzgun'un son esirlerini de kurtardınız!
map_C051_island05_name = Açıları Kollamak
map_C051_island05_win_desc = Beni yenmek aptalların işidir, ama sen bile denemeye kalkacak kadar aptal değilsin!
map_C051_island06_name = Kolay Hedef
map_C051_island06_win_desc = Duyuyor musunuz? Bu, korkuyla kaçan düşman kuvvetlerinin sesi!
map_C051_island07_name = Dizginsiz
map_C051_island07_win_desc = Birkaç zafer daha ve Kuzgun en yüksek güvenlikli kuş kafesine giriyor!
map_C051_island08_name = On İkiden
map_C051_island08_win_desc = Bu sefer Külkedisi masalı olmayacak - cam ayakkabını ezeceğim!
map_C051_island09_name = Ufukta Umut
map_C051_island09_win_desc = Büyük savaş komutanlarının panteonunda en tepedesiniz!
map_C052_title = Oyun Sonu
map_C052_desc = C052 Sefer Açıklaması
map_C052_island01_name = Yaklaşan Fırtına
map_C052_island01_win_desc = Uyarıyorum: Senin onuruna büyük bir zafer kutlaması planlıyorum!
map_C052_island02_name = Bir Çağın Sonu
map_C052_island02_win_desc = Ben adanızın komutanıyken çok daha şık kazanırdım!
map_C052_island03_name = Sonunda Barış
map_C052_island03_win_title = Kuzgun Yenildi!
map_C052_island03_win_desc = Özgürlüğünü kazandığını sanıyorsun, ama yeni imparatorluğun daha fazla savaş ağasının hedefi olacak. Bununla bol şans...
map_D000_title = D000 Başlığı
map_D000_desc = D000 Sefer Açıklaması
map_D001_title = Mokupuni Takımadaları I
map_D001_island01_name = Silah Tüccarı
map_D001_island01_win_desc = Vay, Şampiyon. Harika teknik. Ama daha iyi teçhizat işine yarar. Konuşmalıyız.
map_D001_island02_name = Tehlike Kapıda
map_D001_island02_win_desc = Tarzını sevdim Şef. Acımasız ama incelikli. Adını bir buritoya vermeliler.
map_D001_island03_name = Kararsız Eyalet
map_D001_island03_win_desc = Hakkını vermeliyim ahbap. Hiç de fena değilsin.
map_D002_title = Mokupuni Takımadaları II
map_D002_island01_name = Ölümün Vücut Bulmuş Hâli
map_D002_island01_win_desc = Çavuş Cross bana bildiği her şeyi öğretti, ki pek bir şey değildi. Senin şansına.
map_D002_island02_name = Savaş Sisi
map_D002_island02_win_desc = Evet, eğitimimi Cross'la aldım. Bu yüzden kendi işimi kurdum.
map_D002_island03_name = Sabah Napalmı
map_D002_island03_win_desc = Eee dostum, bunu bütün gün yapabiliriz. Uçaklarımı ve teknelerimi toptan alıyorum.
map_D003_title = Mokupuni Takımadaları III
map_D003_island01_name = Püskürt ve Saldır
map_D003_island01_win_desc = Kızgın mısın Şef? Kızgınmış gibi dövüşüyorsun. Kişisel değil, sadece iş.
map_D003_island02_name = Seksen Yedi Yıl Önce
map_D003_island02_win_desc = En yeni askerî teknolojiyi kullansan daha iyi olurdun. Kartımı al.
map_D003_island03_name = Faul
map_D003_island03_win_desc = Tamam. Ne demek istediğini anladık. Sertsin. Ama burada göründüğünden fazlası dönüyor.
map_D003_island04_name = Ölümün Kapısı
map_D003_island04_win_desc = Bak Şef. Buradaki vatandaşlara yardım etmek istediğini biliyorum, ama ordumu dağıtmana izin veremem.
map_D004_title = Mokupuni Takımadaları IV
map_D004_island01_name = Vahim Sonuçlar
map_D004_island01_win_desc = Benden ne istiyorsun? İndirim mi? Peki. Saldırmayı bırak, sana iyi bir fiyat ayarlarım.
map_D004_island02_name = Talihin Şanı
map_D004_island02_win_desc = Bu işte Çavuş Cross'tan çok daha iyisin.
map_D004_island03_name = Yağmurdan Kaçarken Doluya
map_D004_island03_win_desc = Buna savaş mı diyorsun? Küçük kız kardeşim bile daha sert vurur.
map_D004_island04_name = Kızdın mı Kardeşim?
map_D004_island04_win_desc = Yanında iyi bir silah tüccarı olsa ne kadar harika olabileceğini düşünmeden edemiyorum.
map_D004_island05_name = Saatli Bomba
map_D004_island05_win_desc = Sen kazandın. Söyledim işte. Tamam mı? Şimdi bu köylüleri erimeden önce bu adadan çıkaralım.
map_D005_title = Moutere Adası I
map_D005_island01_name = Güzel Dudaklar
map_D005_island01_win_desc = Defol benim adamdan! Kıçın kızarana kadar seni pataklarım!
map_D005_island02_name = Pekmez Kadar Tatlı
map_D005_island02_win_desc = Kimse bir LeChomp'a bulaşamaz. Sana bunu ödeteceğim!
map_D005_island03_name = Ne Görürse Onu Yapar
map_D005_island03_win_desc = Vay be, galiba dersimi aldım. Çok üzgünüm. DEĞİLİM!
map_D005_island04_name = Kahretsin
map_D005_island04_win_desc = Seni burnu havada çatal kullanan! Adamı nasıl yöneteceğimi bana anlatabileceğini mi sandın? Yanıldın!
map_D006_title = Moutere Adası II
map_D006_island01_name = Gerçek Cesaret
map_D006_island01_win_desc = Senden korkmuyorum. Biz LeChomp'larda TEK ŞEY var: yürek ve keskin entelektüelistik güçler.
map_D006_island02_name = Yine Beklerüz
map_D006_island02_win_desc = Belki kadınsı cazibemle ikna olursun? N'olur bana saldırmayı bırak.
map_D006_island03_name = Son Tarih Yaklaşırken
map_D006_island03_win_desc = Galiba başını belaya sokmak istiyorsun. Eh, işte soktun.
map_D006_island04_name = Şeker ve Baharat
map_D006_island04_win_desc = Kimse sana bir hanımı yandan kuşatmanın doğru olmadığını söylemedi mi?
map_D006_island05_name = Şaplak Zamanı
map_D006_island05_win_desc = Böyle dar şortla ordu yönetmenin ne kadar zor olduğundan HİÇ HABERİN YOK!
map_D006_island06_name = Dost Dediğin
map_D006_island06_win_desc = Ravent kurabiyesi kadar tatlı göründüğümü biliyorum, ama kafanı karahindiba gibi koparırım.
map_D007_title = Moutere Adası III
map_D007_island01_name = Azılı Yaratık
map_D007_island01_win_desc = Tamam. Yeter artık. Evcil keseli sıçanımı üstüne salıyorum. Remy, SALDIR!
map_D007_island02_name = Ölü Taklidi
map_D007_island02_win_desc = Kendin istedin. Hiç peşinde suikastçı bir keseli sıçan oldu mu? Şimdi var.
map_D007_island03_name = Cajun Öfkesi
map_D007_island03_win_desc = Bir gözün açık uyu. Remy senin işini bitirecek. Son gülen ben olacağım! HA!
map_D007_island04_name = Çok Tatlı Görünüyor
map_D007_island04_win_desc = Neyden bahsediyorsun sen? Adamı rahat bırak. Keseli sıçanım yolda. Acı geliyor!
map_D007_island05_name = O Tavuk Değil
map_D007_island05_win_desc = Tamam, bu adayı aldın. Umarım boğazına dizilir. Zaten hiç sevmemiştim.
map_D008_title = Moutere Adası IV
map_D008_island01_name = İyi Gün, Kötü Gün
map_D008_island01_win_desc = Bence sen ve ben arkadaş olurduk. Ama bana saldırdın, o yüzden artık senden nefret ediyorum.
map_D008_island02_name = Ortalığı Karıştır
map_D008_island02_win_desc = Senin adını yeni bir yemeğe veriyorum. Adı "Aptal Kafa Güveci" - bir dene.
map_D008_island03_name = LeChomp Serbest
map_D008_island03_win_desc = Hiç keseli sıçanın ölü taklidi yaptığını gördün mü? Benimki sana nasıl yapıldığını gösterecek... ZOR YOLDAN. Seni öldürerek.
map_D008_island04_name = Hadi Dans Edelim
map_D008_island04_win_desc = Konuşacak mıyız, dövüşecek miyiz?
map_D008_island05_name = Acıyı Paylaş
map_D008_island05_win_desc = Tamam. Sen kazandın. Mini şortlarımın gücü de buraya kadarmış. Bana ne istersen yap.
map_D009_title = Yanuyanu Adası I
map_D009_island01_name = Bir En Yalnız Sayıdır
map_D009_island01_win_desc = Ha? Galiba bir halüsinasyon değilsin. Yoksa "bir halüsinasyon" mu demeliydim? KİM DEDİ ONU?
map_D009_island02_name = Sesler Duymak
map_D009_island02_win_desc = Birini görmeyeli o kadar uzun zaman oldu ki, sadece arkadaşlık ettiğin için minnettarım.
map_D009_island03_name = Deli Deliliğini Yapar
map_D009_island03_win_desc = Adamı avucumun içi gibi bilirim, ve... bu ben nereden çıktı?
map_D009_island04_name = Kim Dedi Onu?
map_D009_island04_win_desc = Sana söyledim, zehirli gazı kullan! Hayır, söylemedim! Evet, söyledin!! Sen karışma! Peki!!!
map_D009_island05_name = Cebinde Ananas mı Var?
map_D009_island05_win_desc = BU turu sen kazandın, ama hâlâ hayal gücümün bir ürünü olmadığına ikna olmadım.
map_D010_title = Yanuyanu Adası II
map_D010_island01_name = Kimse Bir Ada Değildir
map_D010_island01_win_desc = En iyi arkadaşım Spaulding'le tanıştın mı? Aynı zamanda askerî danışmanım. Harika iş Spaulding.
map_D010_island02_name = Hiçbir Ada Bir İnsan Değildir
map_D010_island02_win_desc = Spaulding kademeli düzen kullanmamız gerektiğini iddia ediyor. Tam bir pislik.
map_D010_island03_name = Adanı Tanı Adamım
map_D010_island03_win_desc = Karanlık İttifak'ı takviye için arayıp duruyorum. Ne yazık ki telsizin pili dört yıl önce bitti.
map_D010_island04_name = Adanı Ele - Yok. Adamım!
map_D010_island04_win_desc = Ah, tabii, Karanlık İttifak bu adayı yıllar önce terk etti. Evet, TABİİ.
map_D010_island05_name = Çift Görmek
map_D010_island05_win_desc = Emrim, aksi söylenene kadar bu adayı savunmak. Biz de bunu yapacağız!
map_D010_island06_name = Kendi Kendine Konuşmak
map_D010_island06_win_desc = Tuhaf, bir süredir komutadan hiçbir şey duymadım. Telsiz sessizliği olmalı.
map_D010_island07_name = Godot Gecikiyor
map_D010_island07_win_desc = Spaulding bir savaşı kaybetmenin sorun olmadığını söylüyor. Çok destekçi biri.
map_D011_title = Yanuyanu Adası III
map_D011_island01_name = Tek Kişilik... Masa
map_D011_island01_win_desc = Kendimi tuttuğumu biliyorsun, değil mi? Sohbetten keyif alıyorum, o yüzden seni yok etmiyorum.
map_D011_island02_name = Yalnızcılık
map_D011_island02_win_desc = Nihai Silah neredeyse hazır. Birkaç savaş daha, sonra GÜM!
map_D011_island03_name = Bu Benim Silahım, Bu Benim Ananasım
map_D011_island03_win_desc = Kendimi zor tutuyorum! Kazandıklarını sanıyorlar, ama yakında tuzağımıza düşecekler!
map_D011_island04_name = Bir Mors Yedim
map_D011_island04_win_desc = Galip geleceğiz! Dur. Nihai silah nerede? YOK MU OLMUŞ!? Eyvah.
map_D011_island05_name = Dinlersen Ayak Parmakları Konuşur
map_D011_island05_win_desc = Ne? Yine sesli mi düşünüyorduk? SPAULDING! Hiçbir işe yaramadın.
map_D011_island06_name = Kıyıya Vurmuş
map_D011_island06_win_desc = Yani... beni gerçekten geride mi bıraktılar? Umarım biri bunca yıl japon balığımı beslemiştir...
map_D012_title = Motu Cay I
map_D012_island01_name = Savaş Davulları
map_D012_island01_win_desc = A'amakualenalena'ya saldırmaya cüret mi edersin? HAYIR!
map_D012_island02_name = Küçük Bir Fedakârlık
map_D012_island02_win_desc = Sen kötü insan. Bu berbat.
map_D012_island03_name = Kavrulmuş Toprak
map_D012_island03_win_desc = A'amakualenalena mutlu değil. Şimdi halk acı çekecek.
map_D012_island04_name = Çığlık Tarlası
map_D012_island04_win_desc = A'amakualenalena bir uyarı daha verir. Hemen git.
map_D012_island05_name = Düşenlerin Bedenleri
map_D012_island05_win_desc = Tamam, BU son uyarı. Git, yoksa kötü şey olur.
map_D012_island06_name = Köylüleri Düşünün!
map_D012_island06_win_desc = Bu adaların halkı BENDEN korkar, SENDEN değil. Git buradan!
map_D013_title = Motu Cay II
map_D013_island01_name = Kader Bekliyor
map_D013_island01_win_desc = Kazanamazsın. A'amakualenalena'nın sadık takipçileri var. Seni durduracaklar.
map_D013_island02_name = Savaş Köpeklerini Salın
map_D013_island02_win_desc = A'amakualenalena sinirlenmeye başlıyor. A'amakualenalena sinirlenince onu sevmezsin.
map_D013_island03_name = Her Şey Sakin
map_D013_island03_win_desc = A'amakualenalena'ya neden saldırıyorsun? Bağımsız ada devletlerinden falan mı nefret ediyorsun?
map_D013_island04_name = Aynadaki Nesneler
map_D013_island04_win_desc = A'amakualenalena maskeyi dışında takar. Sen maskeyi içinde takarsın. Bir düşün.
map_D013_island05_name = Son Geri Sayım, Neredeyse
map_D013_island05_win_desc = Bayan A'amakualenalena bu kadar çok uçak, tekne ve tank kaybettiğimiz için üzülecek.
map_D014_title = Motu Cay III
map_D014_island01_name = Alçak Sesle
map_D014_island01_win_desc = A'amakualenalena'nın bu adaları neden yok edeceğini bilmek mi istiyorsun? Çok yazık!
map_D014_island02_name = Senin Adın Aptalca
map_D014_island02_win_desc = A'amakualenalena sadece konserve et yer. Bu herkesi huysuz yapar.
map_D014_island03_name = Kuşatma Manevraları
map_D014_island03_win_desc = İyi Kalpli A'amakualenalena bitti! Adadan git, YOKSA.
map_D014_island04_name = Nihai Yıkım
map_D014_island04_win_desc = Sen çok kötü bir insansın.
map_D014_island05_name = Köşeye Sıkışmış ve Tehlikeli
map_D014_island05_win_desc = A'amakualenalena'yı yenmenin hiçbir yolu yok! A'amakualenalena her şeye kadir!
map_D014_island06_name = Sahte Put
map_D014_island06_win_desc = Sen kazanır, A'amakualenalena kaybeder. Ama bir daha olmaz. Bu çizgiyi geç, ölürsün!
map_D015_title = Motu Cay IV
map_D015_island01_name = Ölümcül Sessizlik
map_D015_island01_win_desc = A'amakualenalena diğer ulus devletlerin egemenliğine saygı duymayı öğrenmen gerektiğini düşünür.
map_D015_island02_name = Deliliğin Ortasında
map_D015_island02_win_desc = Ananasla konuşan şu adamla tanıştın mı? Bir de evcil keseli sıçanı olan kız? Tuhaf, değil mi?
map_D015_island03_name = Fasulye ve Pilav
map_D015_island03_win_desc = A'amakualenalena maske ve çimen etek takıyor diye beyninin muhallebi olduğu anlamına gelmez.
map_D015_island04_name = Makinedeki Hayalet
map_D015_island04_win_desc = A'amakualenalena'yı yendiğini mi sanıyorsun? A'amakualenalena lastik, sen tutkal...
map_D015_island05_name = Son Mokupinyalılar
map_D015_island05_win_desc = Muharebe bitti... ama savaş bitmedi! A'amakualenalena plana göre geri dönecek!
map_D016_title = Cilliac Körfezi I
map_D016_island01_name = Öldün mü Kardeşim?
map_D016_island01_win_desc = Kim saldırmaya cüret eder? Kendi zombi işine bak!
map_D016_island02_name = Göze Göz
map_D016_island02_win_desc = Adım Moll DeKae. İşim yaşayan ölülük. Sorusu olan?
map_D016_island03_name = Beyiiiinler!
map_D016_island03_win_desc = Biraz daha yaklaş, ukala. Sana cesaret ve şan hakkında bir iki şey öğretebilirim.
map_D016_island04_name = Kan ve Bağırsak
map_D016_island04_win_desc = Üzerinden hayat kokusu geliyor. Bunu senin için düzeltebilirim.
map_D017_title = Cilliac Körfezi II
map_D017_island01_name = Öğle Yemeğine Gri Madde
map_D017_island01_win_desc = Taze... sıcak... beyiiinlerini mideye indirdiğimde o kadar kendini beğenmiş olmayacaksın.
map_D017_island02_name = Tavuk Tadında
map_D017_island02_win_desc = Bir ara vejetaryen olmayı denedim, ama 'tahııııl' diye inlemek tatmin etmedi. Sen çok daha lezzetli olurdun.
map_D017_island03_name = Kemiklerin Saldırısı
map_D017_island03_win_desc = Yaşayan ölülüğüm seni biraz gerdi mi Şef?
map_D017_island04_name = Merhaba Göz Çukuru, Tanış: Göz Küresi
map_D017_island04_win_desc = Az kalsın yakalıyordun beni! Önemi yok, iki göze de gerçekten ihtiyacım yok.
map_D018_title = Cilliac Körfezi III
map_D018_island01_name = Akşam Yemeğine Beyaz Sümük
map_D018_island01_win_desc = Burnuma nişan almayı kes! Seni ısırırım!
map_D018_island02_name = Gevşek Uzuvlar
map_D018_island02_win_desc = Ahh, bugünlerde iyi bir sigorta bulmak çok zor. Kötü bir yatırım olduğumu söylüyorlar.
map_D018_island03_name = Banyo Tuzları ve Pireler
map_D018_island03_win_desc = Layık bir rakipsin. Biraz tuz kokla ve bana katıl!
map_D018_island04_win_desc = Tekniğin fena hâlde tanıdık geliyor. Yaşayanlar arasındayken seni tanıyor muydum?
map_D018_island05_name = İndirim! Yedek Parçalar: Yarı Fiyatına!
map_D018_island05_win_desc = Peki, al bu adayı. Zaten kurtçuk kaynıyor. Acaba nereden geldiler...
map_D019_title = Cilliac Körfezi IV
map_D019_island01_name = Zombi Şenliği
map_D019_island01_win_desc = =#$&% @*~ ve RaHRNM'RHA MBNMZZBMHAGB! Sansürlü ve zombi küfürlerinde çok akıcıyım.
map_D019_island02_name = Nefes Almak, Seni Özledim
map_D019_island02_win_desc = Ahh. Bu, ısıtılmış ölüm gibi hissettirdi.
map_D019_island03_name = Kokuşmuş Oyunlar
map_D019_island03_win_desc = Adil bir uyarı: böyle devam edersen yakında kalçana bir vudu iğnesi saplanacak!
map_D019_island04_name = Testere Hariç Her Şey!
map_D019_island04_win_desc = HRH NHR! *Şlap*
map_D020_title = Lohuango 1/3
map_D020_island01_name = Naber, Doktor?
map_D020_island01_win_desc = Şık şapkamı beğenmek mi, Komutan? Senin Çavuşunun taktığından çok daha güzel olmak.
map_D020_island02_name = Büyü Eğitimi
map_D020_island02_win_desc = Hadi ama Komutan. Biz birlikte güzel oynayabilmek. Bende hoşuna gidecek muskalar olmak. Hayır mı?
map_D020_island03_name = Acı İlaç
map_D020_island03_win_desc = Sen ustaca savaşmak. Ama benim tarafımda büyü olmak!
map_D020_island04_name = Kara Büyü Kapışması
map_D020_island04_win_desc = Seni adilce uyarmak, benim kullandığım büyü kalbimin köşelerinden bile kara olmak. Sen neyle uğraştığını bilmemek!
map_D021_title = Lohuango 2/3
map_D021_island01_name = Ölümcül Oyunlar
map_D021_island01_win_desc = Sen bu savaşı kazandığını sanmak, ama benim ceket kolumda birkaç numara olmak.
map_D021_island02_name = İğneler ve Toplu İğneler
map_D021_island02_win_desc = Bu küçük bir zafer olmak. Çok geçmeden bindiğin baloncuğu patlatmak.
map_D021_island03_name = Kemik Oyunu
map_D021_island03_win_desc = Sen beni kızdırmaya başlamak. Ben de seni mahvetmeye başlamak!
map_D021_island04_name = Vudu Yapmış?
map_D021_island04_win_desc = Makyajımı sürmek uzun sürmek! Senin saçma Donanmanla bozmana izin vermemek!
map_D022_title = Lohuango 3/3
map_D022_island01_name = Uğursuz Strateji
map_D022_island01_win_desc = Rüzgârın döndüğünü hissetmek. Gelgit yakında değişmek, hem de senin lehine değil!
map_D022_island02_name = Bu Ne Büyüsü?
map_D022_island02_win_desc = Şapkamdaki tüyleri görmek mi? Seni yenince bir tane daha eklemek.
map_D022_island03_name = Bebekler ve Muskalar
map_D022_island03_win_desc = Hiç iğne batışı hissetmek mi, Komutan? Bu ondan daha çok acıtmak!
map_D022_island04_name = Ruhuna Lanet Olsun!
map_D022_island04_win_desc = Senin çocuk DeKae beni kızdırmanın ne demek olduğunu iyi bilmek. Ruhlar sıradakinin sen olacağını söylemek!
map_D022_island05_name = Karanlık Büyüler
map_D022_island05_win_desc = Şapkamı başımdan düşürmeye cüret etmek mi? Şimdi Baron GERÇEKTEN kızmak!
map_D022_island06_name = Vudu Olsa Ne Yapardı?
map_D022_island06_win_desc = Sen çok erken gülümsemek, Komutan. Aradığın Tiki adam gelmek. Benim intikamımı almak!
map_D023_title = Isla Raquida I
map_D023_island01_name = Ateşli Şey
map_D023_island01_win_desc = Güzel gömlek. O ananaslar ekstra mı tuttu?
map_D023_island02_name = Altın Tarlalar
map_D023_island02_win_desc = Neden bana saldırıp duruyorsun? Bir kız yangın oyuncaklarıyla huzur içinde oynayamaz mı?
map_D023_island03_name = Ateş Olmayan Yerden Duman Çıkmaz
map_D023_island03_win_desc = Sen kimsin? Hafızam kötü olabilir, ama kesinlikle buralı değilsin.
map_D023_island04_name = Bir Kıvılcım Yeter
map_D023_island04_win_desc = Senin Çavuşun kim? Epey tatlı. Bana istediği zaman saldırabilir!
map_D023_island05_name = Blaise ve Makine
map_D023_island05_win_desc = Bunu sana veriyorum, ama dikkat etsen iyi olur. Közlerimi yemek üzeresin!
map_D024_title = Isla Raquida II
map_D024_island01_win_desc = SENİN imparatorluğunu alevler içinde görmek isterdim. Çoook ateşli olurdu!
map_D024_island02_name = Carmen Nerede?
map_D024_island02_win_desc = Dealio'ya üstünde adı yazan bir yangın meşalem olduğunu söyleyebilirsin. Yağcı herif. Ama şu Çavuşun, o annesine gelebilir.
map_D024_island03_name = Kükürt Sırları
map_D024_island03_win_desc = Ateş takıntısı zaten gardırobuma yeterince zarar veriyor. Bir de senin onda delikler açmana gerek yok!
map_D024_island04_name = Yanan Adam
map_D024_island04_win_desc = Şansına, Ejderha Nefesi alev makinemi yalnızca iki ayda bir ayın ikinci salısı çıkarırım. Öğlen ile üç arası.
map_D025_title = Isla Raquida III
map_D025_island01_name = Ağzında Külle
map_D025_island01_win_desc = Bu kadar kavgaya odaklanamıyorum. Çavuşun şu kızıl saçlı inekle bir ilişkisi yok, değil mi?
map_D025_island02_name = Ateşin Var mı?
map_D025_island02_win_desc = Molotof kokteylleri akşam randevularını çok eğlenceli yapar. Ortamı gerçekten ısıtırlar. Hepsini sana harcamazsam Cross için bir tane saklarım.
map_D025_island03_name = Çakmaktaşlarla Tanışın
map_D025_island03_win_desc = Bu savaşı daha önce de kaybetmişim gibi garip bir his var içimde. Hey, seni tanıyor muyum?
map_D025_island04_name = Yavaş Yanış
map_D025_island04_win_desc = İlk alev makinemi babacığım verdi. Keşke ordunu bırakmak üzere olduğum hâli görebilseydi.
map_D025_island05_name = Kendiliğinden Yanma
map_D025_island05_win_desc = Annen sana bir hanımefendiye nasıl davranılacağını öğretmedi mi? Bombalamak kibarlık DEĞİLDİR!
map_D026_title = Isla Raquida IV
map_D026_island01_name = Flambe Ada
map_D026_island01_win_desc = Yakan biraz ısınmaya başladı mı?
map_D026_island02_name = Kül ve Duman
map_D026_island02_win_desc = Bana Çavuş Cross'un numarasını verirsen teslim olurum. Ya da ev adresini. Ne olursa. Hayır mı? E-postası bile mi olmaz?
map_D026_island03_name = Deli Aleve Âşıktır
map_D026_island03_win_desc = Son erkek arkadaşım gibi dövüşüyorsun... hep acelesi var ve yeterince pis değil.
map_D026_island04_name = Şan ve Alev
map_D026_island04_win_desc = Mmm, böyle ateşli patlamalar bana şeyi hatırlatıyor... aa merhaba. Tanışıyor muyuz?
map_D026_island05_name = Yangın Ulusu
map_D026_island05_win_desc = Bu küçük oyundan sıkılıyorum. Uyarıyorum, bir ateş fırtınası koparmak üzereyim!
map_D026_island06_name = Külden Küle
map_D026_island06_win_desc = Ahh, peki! Al hepsini! Sadece... babacığımın alev makinesini geri alabilir miyim?
map_D027_title = Soi Lamar I
map_D027_island01_name = Çimen Etek Hilesi
map_D027_island01_win_desc = Yine mi sen. A'amakualenalena GİT diyor!
map_D027_island02_name = Öfke Alevi
map_D027_island02_win_desc = A'amakualenalena seni sevmez. Komik konuşuyorsun.
map_D027_island03_win_desc = A'amakualenalena anormal derecede büyük burnun olduğunu düşünür. Burnunu işime sokmayı bırak.
map_D027_island04_name = Fırtınanın Gözü
map_D027_island04_win_desc = Bunun acıttığını mı sanıyorsun? Sadece gıdıkladı.
map_D028_title = Soi Lamar II
map_D028_island01_name = Sopa Kuralları Geçerli
map_D028_island01_win_desc = Eldeki bir sopa, senin elindeki iki sopaya bedeldir. A'amakualenalena konuşmuştur.
map_D028_island02_name = Ölümcül Niyet
map_D028_island02_win_desc = A'amakualenalena senin bilmediğin şeyleri bilir. Büyük hata yapıyorsun.
map_D028_island03_name = Tüyler ve Göbekler
map_D028_island03_win_desc = Hemen git, yoksa A'amakualenalena üstüne oturur!
map_D028_island04_name = Maskeli Dehşet
map_D028_island04_win_desc = A'amakualenalena insanlar maskenin ardını görürse onu fazla seveceklerinden korkar. A'amakualenalena genel olarak insanları sevmez.
map_D028_island05_name = Yine Hüsran
map_D028_island05_win_desc = A'amakualenalena fazla yaklaştığından endişeli. Nefesin tuhaf kokuyor.
map_D029_title = Soi Lamar III
map_D029_island01_name = İlaçlarımı Bıraktım
map_D029_island01_win_desc = Psikolog A'amakualenalena'ya ilaçların şiddet içeren şeyler yapmasını engellediğini söyler. O yüzden A'amakualenalena atar onları!
map_D029_island02_name = İşler Patlayınca
map_D029_island02_win_desc = Patlamalar eğlenceli! A'amakualenalena onları sever. Ama o Blaise kızı kadar değil. O tuhaf.
map_D029_island03_name = Adım 'Tiki Adam' Değil!
map_D029_island03_win_desc = İnsanlar adını öğrenmeye zahmet etmeyince A'amakualenalena üzülür.
map_D029_island04_name = Bir Daha Söyle... Yavaşça
map_D029_island04_win_desc = Adı üç kez hızlıca söyleyebilirsen A'amakualenalena sana yumuşak davranmayı düşünür. Ha ha.
map_D029_island05_name = Ölümcül Hamleler
map_D029_island05_win_desc = İri kemikli insanların hızlı olmadığını mı sanıyorsun? A'amakualenalena'nın ayakları çok hafiftir.
map_D029_island06_name = Şişman Adam Ağlayana Dek
map_D029_island06_win_desc = BU DAHA BİTMEDİ! A'amakualenalena SENİ ağlatacak.
map_D030_title = Soi Lamar IV
map_D030_island01_name = Küçük ve Ölümcül
map_D030_island01_win_desc = Kime kısa diyorsun? A'amakualenalena ölümcül şeylerin minik paketlerde geldiğini söyler!
map_D030_island02_name = Adada İnziva
map_D030_island02_win_desc = Şimdiye kadar A'amakualenalena nazikti. Şimdi ağır toplarla yüzleşeceksin!
map_D030_island03_name = Manevrada Geçilmiş
map_D030_island03_win_desc = O Blaise kızında hiç sadakat yok! A'amakualenalena seninle işini bitirince onu da halledecek!
map_D030_island04_name = İsimde Ne Var?
map_D030_island04_win_desc = Korkacak çok şeyin var. Senin adın 'hızlı, güçlü savaşçı' anlamına gelmez.
map_D031_title = Soi Lamar V
map_D031_island01_name = Sıcak Koltukta
map_D031_island01_win_desc = Büyük konuşuyorsun. Bakalım A'amakualenalena'nın büyük birliklerine nasıl dayanacaksın!
map_D031_island02_name = Kıyamet Kraterleri
map_D031_island02_win_desc = A'amakualenalena'nın planını bildiğini sanıyorsun, ama onu durdurmanın yolu yok!
map_D031_island03_name = Lav Aşkı
map_D031_island03_win_desc = Yakında bu adalar lavla kaplanacak. Bunu A'amakualenalena sana söz verir!
map_D031_island04_name = Savaş Ganimeti
map_D031_island04_win_desc = Kıl payıydı. Az kalsın çimen eteği yakıyordun! Şimdi A'amakualenalena gerçekten kızdı!
map_D031_island05_name = Kelepçeleri Takın!
map_D031_island05_win_desc = A'amakualenalena bu haberi Bayan A'amakualenalena'ya nasıl vereceğini bilmiyor.
camp001_menuName = Kuzgun'un Gazabı
camp002_menuName = Erimiş Dehşet
camp003_menuName = Yeni Sefer #2
camp004_menuName = Uzun sefer adı #4
camp005_menuName = Daha uzun sefer adı #5
camp006_menuName = Çok daha uzun sefer adı #5
camp007_menuName = Yeni Sefer #6
camp008_menuName = Yeni Sefer #7
camp009_menuName = Yeni Sefer #8
CampaignSelectorTitle = Seferler
CampaignAvailableSoon = Bu ada yakında açılacak!
CampaignBannerBody = Molten Reef için mücadele birkaç hafta içinde devam ediyor.
CampaignUnlockLevelTooltip = {level}. seviyede açılır!
