# Karakter konuşmaları. Cross: sert asker. Mac: esnaf ağzı, "Patron". Sarah: kibar, "efendim". Scarlett: ciddi, "Komutanım".
Speech_Cross_0670_01_Body = Sahada iyi görünüyorsunuz Komutanım. Ama önümüzde daha çok iş var. İşe daha fazla Top Bataryası üreterek başlayalım.
Speech_Cross_1080_01_Body = Krunsch son adasını bir deniz ablukasıyla koruyor, kendi Donanmamızı kurup onlara cepheden vurmalıyız.
Speech_Cross_6040_01_Body = Bahse girerim şu düşman Askerlerini daha hızlı devirmek istiyorsunuz. Bunun için Klasik Tank biçilmiş kaftan.
Speech_Cross_1240_01_Body = Laboratuvardaki çocukların araştırmada ilerlemek için daha fazla {rare} lazım. Ne yapacağınızı biliyorsunuz.
Speech_Cross_0796_01_Body = Düşman bazı adalarımız arasında erzak taşınmasını engellemek için abluka kurdu. Aptallar!
Speech_Cross_3160_01_Body = Scarlett az önce önümüzde büyük savaşlar olduğunu haber verdi. Müttefiklerimiz tam şimdi işe yarayabilir.
Speech_Cross_3170_01_Body = Çocuklarımız bir Karanlık İttifak denizaltısını ele geçirmeyi başardı, ama onu adamıza getirmemiz gerek.
Speech_Cross_3190_01_Body = Ele geçirdiğimiz denizaltıdan çıkan istihbarata göre çiftliklerimizden biri Karanlık İttifak için silah saklıyor. Bir bakın.
Speech_Cross_3240_01_Body = Keşif İHA'larımızdan biri düşürüldü. Düşman bulmadan onu bulmalıyız.
Speech_Cross_3530_01_Body = En çok madalya almış pilotlarımızdan biri emekli oluyor. Görkemli bir karşılamayı hak ediyor!
Speech_Cross_3540_01_Body = Bir karaborsa silah tüccarının Kuzgun'a silah sattığına dair istihbarat var. Dükkânını kapatalım.
Speech_Cross_3550_01_Body = Kuzgun kuşkulanmadan bu silah tüccarını gözaltına alıp sorgulamalıyız.
Speech_Cross_3560_01_Body = Pazarda alıcı kılığına girersek yasa dışı silah tedarikçisini yakalayabiliriz.
Speech_Mac_E2_01_Body = Selam Patron!\nAdım McCann, ama bana Mac diyebilirsin. Hadi imparatorluğu yeniden inşa etmeye başlayalım.
Speech_Mac_E2_02_Body = İnsanların yaşayacak bir yere ihtiyacı var. Birkaç ev yapalım.
Speech_Mac_1070_01_Body = Daha gelişmiş birlikler üretmek için Petrol lazım. Petrol üretim tesislerimizi yeniden kuralım.
Speech_Mac_3010_01_Body = Pazarda kıtlık çıkacağına dair bir duyum aldık. Ne olur ne olmaz, stok yapalım.
Speech_Mac_1110_01_Body = Yapı inşa etmeye devam etmek için çok daha fazla kereste lazım. Bir Kereste Fabrikası kurmaya ne dersin?
Speech_Mac_6020_01_Body = Bugün Scarlett'in doğum günü, ona Çilekli turtayla sürpriz yapmak istedim. Ne dersin Patron?
Speech_Mac_S5_01_Body = Karanlık İttifak'a kafa tutacaksak altyapımızı güçlendirmeye başlasak iyi olur. İşe biraz daha kereste bularak başlayalım.
Speech_Mac_1120_01_Body = Scarlett şu Cevher Madenleri konusunda tam isabet. Hadi birkaçını çalıştıralım!
Speech_Mac_1120_02_Body = Adamızda yalnızca {rare} çıkarabiliyoruz. Diğer cevher türlerini toplamak için müttefiklerimizi ziyaret edip takas yapmamız gerekecek.
Speech_Mac_1170_01_Body = Cevher ve kaynak takas etmenin en iyi yolu Pazar. Hadi bir tane kurup müttefiklerimize {rare} sağlayalım!
Speech_Mac_3060_01_Body = Müttefiklerimizde {nrare3} fazlası var. Gidip onları bu yükten kurtaralım!
Speech_Mac_3090_01_Body = Bir doğal afet müttefiklerimizin üretimini yavaşlattı. Onlara yardım edelim.
Speech_Mac_0794_01_Body = Benim çocuklar okul için bilim fuarı projesi hazırlıyor. Onlara biraz ham madde verelim mi, ne dersin?
Speech_Mac_0798_01_Body = Pazarda {nrare2} bolluğu olduğu haberini aldım. Kuzgun'dan önce hepsini kapmalıyız.
Speech_Mac_1390_01_Body = Çocuklar bu hafta sonu kütük oymacılığı yarışması yapmak istiyor, ama önemli bir şey eksik: iyi kütükler!
Speech_Mac_1335_01_Body = Müttefiklerimizin bağışlamaya hazır Cevher fazlası var. Bence fikirlerini değiştirmeden işe dahil olalım!
Speech_Mac_3260_01_Body = Piyasa uzmanları {nrare4} kıtlığı bekliyor. Bakalım komşularımız biraz verebilir mi.
Speech_Mac_1370_01_Body = Pazarda iyi indirimler olabileceğini duydum.
Speech_Mac_3380_01_Body = Çocuklar bu hafta sonu balkabağı fırlatma etkinliği yapmak istiyor. Ne dersin Patron? Biraz balkabağı fırlatalım mı?
Speech_Mac_S5_02_Body = Tamam Patron, hava kuvvetleri kuracaksak kat kat daha fazla {rare} lazım.
Speech_Mac_E5_01_Body = Dikkat Patron! Daha fazla gemi istiyorsan adamızda çıkarabileceğimizden daha fazla {rare} gerekecek. Diğer dört cevher türü için komşularına güvenebilirsin.
Speech_Mac_E8_02_Body = Bana sorarsan Patron, bu herifte tanıdık bir şey var. Galiba şu lastik eldivenler...
Speech_Mac_E8_01_Body = Bu konuda Scarlett'e katılıyorum Patron. Kuzgun'la eski usul bir silahlanma yarışındayız. Kusura bakma ama, gaza basıp cevher toplayalım!
Speech_Mac_E9_01_Body = Tavsiyemi ister misin Patron? Kuzgun'un eski Savunma Danışmanımızı neden tuttuğunu Scarlett çözsün. Sen ve ben imparatorluğumuzu ilerletmeye odaklanalım.
Speech_Mac_E13_01_Body = Duymadıysan söyleyeyim, son komutanımızı deviren Scarlett'ti. Eminim fırsatı varken onun işini bitirmemesinin bir sebebi vardır...
Speech_Camp_G54_Start_Body = Haritamızın bir kopyasını nasıl ele geçirdiler bilmiyorum, ama geri kalanını bulamazsak o haydutlar bir bomba yapıp bizi paramparça edecek!
Speech_Mac_E14_02_Body = Bir sorunumuz var Patron. Mühendislikteki çocuklar bu işin yürümeyeceğini söylüyor -- Valkyrie Silahı hâlâ yeterli enerji alamıyor ve vaktimiz tükeniyor!
Speech_Mac_E15_02_Body = Harika haber Patron! Mühendislikteki çocuklar Valkyrie Silahı'na enerji vermeyi başardı! Tek sorun, şimdi Güneş Fırtınası'nın gerçekten üzerimize ateşlenmesini beklememiz gerekiyor!
Speech_Mac_E14_01_Body = Vay, hiç bilmiyordum. Kesin olan bir şey var: Bu Kuzgun'u bir gün alaşağı edersek bir daha asla dönmemesini sağlamalıyız!
Speech_Mac_E17_01_Body = Hepimizin beklediği an geldi -- Valkyrie iş başına hazır! Umarız bu alet çalışır! Parmaklarını çapraz yap!
Speech_Sarah_E3_01_Body = Nüfusumuz kapasiteye ulaşıyor! Daha fazla evi destekleyebilmek için bir Devlet Binası inşa etmeliyiz.
Speech_Sarah_1010_01_Body = Halkın tam desteğine sahipsiniz Komutanım; imparatorluğunuzu finanse etmek için onlardan kira toplayın.
Speech_Sarah_0685_01_Body = Subaylar askerlerin sıkı çalışmasını bir sevkiyat Karpuzla ödüllendirmek istiyor.
Speech_Sarah_3080_01_Body = Halka yardım etmek ve savaş için para toplamak amacıyla bir piknik düzenliyoruz.
Speech_Sarah_1065_01_Body = İnsanlar Karanlık İttifak'ın baskısından kaçmak için akın akın adamıza geliyor.
Speech_Sarah_3125_01_Body = Nüfusumuz artarken halkın aileleriyle vakit geçirebileceği daha büyük bir parka gerçekten ihtiyacı var.
Speech_Sarah_3130_01_Body = Eve dönen bazı gazilerimizin yaşayacak bir yeri yok.
Speech_Sarah_3140_01_Body = Vatandaşlarımız savaştan kaçmak için tiyatroya akın ediyor. Öyle ki patlamış mısırları tükendi!
Speech_Sarah_6010_01_Body = Komutanım, halk sizi lideri olarak görmekten gurur duyuyor. Kalıcı olduğunuzu bilsinler diye bir bayrak dikin.
Speech_Sarah_1140_01_Body = Ne kadar çok müttefikimiz olursa o kadar başarılı oluruz - hem savaş görevlerinde hem iç işlerde.
Speech_Sarah_0692_01_Body = Ekonomimizi yeniden ayağa kaldırdınız, harika iş çıkardınız efendim. Gelecekteki büyümemiz için artık tek ihtiyacımız bir Hazine Binası.
Speech_Sarah_3020_01_Body = Efendim, komşu adalardan bazılarında {rare} azaldığına dair raporlar var. Pazarımızı iyi değerlendirelim.
Speech_Sarah_3025_01_Body = Halk, bu çalkantılı zamanlarda huzur bulabilecekleri bir park yapmamızı istedi.
Speech_Sarah_3030_01_Body = Diğer adalardan gelen hayatta kalanların eve ihtiyacı var. Belki birkaç kulübe ayırabiliriz.
Speech_Sarah_0792_01_Body = Bazı bilim insanlarımızın kurtarılan adalardan birinde mahsur kaldığı haberini aldık. Düşmanın eline geçmeden onları kurtarmalıyız.
Speech_Sarah_0694_01_Body = Meclis, adamıza daha fazla umut dolu öğrenci çekmek için bir Deniz Harp Okulu inşasını onayladı.
Speech_Sarah_3050_01_Body = Kurtarılan adalarımızdan biri nesli tükenmekte olan bir deniz kaplumbağası türünün yuvası. Onları kurtarmak için henüz geç değil!
Speech_Sarah_0696_01_Body = Diplomatların adamızı ziyaret ettiklerinde kalacak bir yere ihtiyacı var. Onlara bir Yönetim Konağı yapalım!
Speech_Sarah_3100_01_Body = Aileler cephedeki sevdikleri için endişeleniyor. İçleri rahat etsin diye şehrin dört bir yanına posta kutuları koyalım.
Speech_Sarah_3120_01_Body = Diğer adalardan gelen ziyaretçilerin kalacak yeri tükeniyor. Onlara misafirperverliğimizi gösterelim!
Speech_Sarah_3180_01_Body = Tahıl sevkiyatımız denizde kayboldu. Kendi Buğdayımızı hasat etmek için henüz geç değil.
Speech_Sarah_3200_01_Body = Yaz saati uygulaması başladığından beri halkımız sokaklarda karanlıkta yürüyor. Onlara biraz ışık sağlayalım.
Speech_Sarah_3225_01_Body = Güvercin sever bir hanımefendi bir Park Çardağı yapmamız için lobi yapıyor. Ne dersiniz efendim?
Speech_Sarah_3230_01_Body = Karanlık İttifak baskısından kurtardığınız vatandaşlar, ayağa kalkana kadar sığınma talep ediyor.
Speech_Sarah_0698_01_Body = Son yaşananları unutamayız efendim. Bu dönemde tarihimizi korumalıyız.
Speech_Sarah_0693_01_Body = Nüfusumuz arttıkça bir adım önde olmalı ve geleceği düşünmeliyiz.
Speech_Sarah_0695_01_Body = Nüfusumuz arttıkça topluluklarımızın güvende kalmasını sağlamalıyız.
Speech_Sarah_0697_01_Body = Nüfusumuz arttıkça vatandaşlarımızın bilgilendirilmesini sağlamalıyız.
Speech_Sarah_0699_01_Body = Nüfusumuz arttıkça düşmanın topluluklarımıza sızmaya çalışmamasını sağlamalıyız.
Speech_Sarah_3280_01_Body = Diğer adaların liderleri için bir resepsiyon veriyoruz - yeni ananaslı salsa tarifimi denemek için tam zamanı!
Speech_Sarah_3320_01_Body = Kuzgun'un zulmü yüzünden nesli tükenmekte olan bir tür daha keşfettik. Acele edersek onları hâlâ başka yere taşıyabiliriz.
Speech_Sarah_3325_01_Body = Halk, imparatorluk için canını verenlere minnettarlığını göstermek istiyor.
Speech_Sarah_3390_01_Body = Karanlık İttifak, yakın zamanda kurtardığımız adalardan birini abluka altına aldı. Yardımımıza ihtiyaçları var.
Speech_Sarah_3400_01_Body = Abluka altındaki ada minnettar ve iyiliğimizi {nrare3} ile ödemek istiyor. Tek ihtiyaçları bir refakat.
Speech_Sarah_1460_01_Body = Bazı rehinelerin serbest bırakılması için anlaşmayı başardık. Aç dostlarımız için yemek hazırlamalıyız.
Speech_Sarah_1440_01_Body = Kurtarılan rehineler geldi, ama onlar için konutumuz yok.
Speech_Sarah_3425_01_Body = Zaferleriniz adamıza daha çok turist çekiyor. Bir Gül Bahçesi devlet mahallemize harika bir katkı olur.
Speech_Sarah_3480_01_Body = Çiftçi pazarındaki satıcıların bu hafta sonu için Ayçiçekleri tükendi.
Speech_Sarah_3525_01_Body = Bir Labirent Bahçe, çocukların parklarımızda eğlenmesi için harika bir katkı olabilir.
Speech_Sarah_3510_01_Body = Ziyarete gelen devlet büyükleri için bir kutlama kokteyli veriyoruz, ama meyvemiz tükendi!
Speech_Sarah_3580_01_Body = Halk, savaş alanındaki zaferleriniz onuruna bir kutlama yemeği hazırlıyor.
Speech_Sarah_0460_01_Body = Çocuklara eğlenceli bir uğraş olsun diye bir mısır labirenti yapacağız.
Speech_Scarlett_E1_01_Body = Güzel adamız!\nBu nasıl olabildi?\nKomutanım, yeniden inşa zamanı!
Speech_Scarlett_E1_03_Body = İşte o Tankın enkazından topladığımız bazı bilgiler.
Speech_Scarlett_E1_04_Body = Daha fazla düşman kuvveti yolda! Onlarla savaşmaya hazır olduğunuzda Savaş Haritasına tıklayın.
Speech_Scarlett_E2_03_Body = Bu fırtına öncesi sessizlik gibi. Korkarım bir bela kaynıyor.
Speech_Scarlett_E2_04_Body = Düşman birlikleri Kuzey Adası'nı istila ediyor!
Speech_Scarlett_E2_01_Body = Yeni askerler eğitmek için kışlayı kullanın.
Speech_Scarlett_E2_02_Body = Yeniden inşa çalışmalarını başlatmak için İç İşleri Danışmanınızı çağırdım.
Speech_Scarlett_E3_01_Body = Komutan Steele'in saldırıdan sağ kurtulduğunu duydum. Güçlü bir müttefik olabilir.
Speech_Scarlett_E3_02_Body = Cape Pleasant halkına yardım etmeliyiz!
Speech_Scarlett_E3_03_Body = O darbeyle sendeledi! Üstüne gitmeye devam edelim!
Speech_Scarlett_0670_01_Body = Görünüşe göre yeniden ayağa kalktık. Çavuş Cross kuvvetlerinizi eğitip güçlendirmenize yardım edecek. O, bu işin en iyisi!
Speech_Scarlett_E3_04_Body = Kaptan Krunsch kaçtı, ama peşine düşmeden önce altyapımızı güçlendirmeliyiz.
Speech_Scarlett_S3_01_Body = Komutanım, Cape Pleasant'ın yardımımıza ihtiyacı var! Ben daha fazla istihbarat toplayana kadar savaşa hazırlanmak için İç İşleri Danışmanınız Bay McCann ile çalışın.
Speech_Scarlett_3070_01_Body = Davamıza katılabilecek başka hayatta kalanlar da var.
Speech_Scarlett_S3_02_Body = Savaş planımız şu Komutanım: Karanlık İttifak'tan kurtardığımız her ulus bize bir müttefik kazandırır ve Kuzgun'u geri püskürtür. Sorusu olan?
Speech_Scarlett_S5_01_Body = Kıl payı kurtulduk Komutanım. Kai Tana cevher haritamızı çalmak için kuvvetlerini oyalama olarak kullandı. Neyse ki ucuz parfümü onu ele verdi.
Speech_Scarlett_E5_01_Body = Komutanım, düşmanın {rare} kaynağımızı neden istediğini öğrenene kadar sınırlarımızı güvenlik ihlallerine karşı savunmalıyız. Tavsiyem daha fazla gemi üretip her şeye hazırlıklı olmanız.
Speech_Scarlett_E8_01_Body = Sizi baskı altına almak istemem Komutanım, ama biz son umut kalesiyiz. Çünkü Kuzgun Güneş Fırtınası'nı bizden önce tamamlarsa tüm dünya tehlikede.
Speech_Scarlett_E8_02_Body = Mac'in içgüdüsü doğruymuş. Von Helman eskiden farklı bir isimle Savunma Danışmanımızmış -- benim işimi yapıyormuş!
Speech_Scarlett_E9_01_Body = Açık konuşayım Komutanım: önceki liderimize karşı isyanı ben yönettim. İnanın bana, hak ettiğini buldu. Sonra açıklayabilirim.
Speech_Scarlett_E9_02_Body = Teslim olması karşılığında Kazmacı'ya sığınma teklif ettik. Ne var ki onun gibi... varlıklı bir adam için yeterince bekâr kadınımız olmadığını düşündü.
Speech_Scarlett_E10_02_Body = Kuzgun'dan Malady'ye giden bir iletiyi ele geçirdik. Ondan beklediği "paket" gelmediği için küplere binmiş.
Speech_Scarlett_E11_02_Body = Bir savaş daha Komutanım! Sonra bu ürkütücü Cajun'u o uygunsuz evcil hayvanına yem ederiz.
Speech_Scarlett_E12_02_Body = Komutanım, bu kaygan sümüklüyü yenebilirsek Kuzgun'un kalesi hakkında değerli istihbarat elde edebiliriz.
Speech_Scarlett_E13_01_Body = Kuzgun'un önceki komutanımız olduğuna inanmayı reddediyorum. Yılanbalığı yalan söylüyor -- söylemek zorunda. Yapacağım son şey olsa bile bu işin aslını öğreneceğim...
Speech_Scarlett_E13_02_Body = Size bir itirafta bulunmalıyım Komutanım, umarım gözünüzden düşmem, ama... Kuzgun benim babam.
Speech_Scarlett_E14_01_Body = Çavuşun fotoğrafında gördünüz - babam iyi bir adamdı. Ama güç onu yozlaştırdı ve adamızı da yozlaştırmadan onu durdurmam gerekti.
Speech_Scarlett_E15_01_Body = Yeni istihbarata göre Kuzgun'un son iki savaş ağası kaldı. Ordumuzu geliştirelim ve ona "şok ve dehşet"in ne demek olduğunu gösterelim.
Speech_Scarlett_E16_02_Body = Beklediğimiz an bu Komutanım. Bizimle Kuzgun arasında yalnızca bir zafer kaldı.
Speech_Scarlett_E17_01_Body = Şimdi her şey anlam kazandı -- Kuzgun şeytani imparatorluğunu finanse etmek için Engerek'in vakıf fonunu kullanmış. Söylemeliyim, bu ikisi birbiri için yaratılmış.
Speech_Scarlett_E17_02_Body = Şimdi Kuzgun, huzurlu halkımıza yaptığı her şeyin bedelini ödeyecek.
Speech_Scarlett_E17_03_Body = Her şey plana göre giderse Kuzgun ömrünün geri kalanını parmaklıklar ardında geçirecek. Böylece dünyanın onsuz ne kadar mutlu olduğunu görecek kadar yaşar.
Speech_Scarlett_E17_04_Body = Başardınız Komutanım! Kuzgun'un Karanlık İttifak'ı artık denizin dibinde bir enkaz yığını. Umalım ki bu sefer barış kalıcı olsun.
Speech_Steele_E3_01_Body = Kaptan Krunsch komşu ada Cape Pleasant'ı ele geçirdi ve Cevher rezervlerini yağmalıyor.
Speech_Camp_V01_Start_Body = Beni iyi dinle, seni ödlek alabalık! Bu savaşı kaybettiğinde kulaklarını koparıp balık yemi yapacağım.
Speech_Camp_V02_Start_Body = Bugünkü sıradaki dersiniz alçakgönüllülük Komutan. Umarım hazırsınızdır, çünkü size gösterecek çok şeyim var.
Speech_Jada_E5_01_Body = Tatlım, sen bu işin o kadar dışındasın ki eve dönmek için uzay mekiği lazım!
Speech_Camp_V04_01_Body = Seni vuracağım! Seni bombalayacağım! Seni... ıı, seni vuracağım demiş miydim?
Speech_Camp_V05_01_Body = Herkes kötü doğduğumuzu söylüyor ama bu, yani, hiç de doğru değil. Graves Kızları kötü değil, fena doğdu.
Speech_Camp_V05_02_Body = Hiç böyle keyif kaçırma! Karanlık İttifak'a katıl ve bizimle savaş. Çünkü ikiliden daha havalı tek şey... üçlü!
Speech_Camp_V06_01_Body = Ne acınası! Tüm savaş planın şansa dayanıyor. Şimdi acımasız dehamın gazabını hissedeceksin.
Speech_Camp_V06_02_Body = Seni aptal! O savaşı sana sahte bir özgüven vermek için kazandırdım. Ordunu yok ettikten sonra umutsuz savaş stratejinin tam bir eleştirisini göndereceğim.
Speech_Camp_V07_01_Body = Of ya, kız kardeşinin yakalanmasına izin verdiği için Kuzgun'un Tina'ya yaptıklarından sonra... belki annemin istediği gibi dişçi olmalıydım.
Speech_Camp_V08_01_Body = Son savaştan sonra kendini iyi hissetmiyor musun? Hemşire Malady iki siyanür hapı al, sabah beni ara diyor.
Speech_Camp_V09_01_Body = Hiç timsahın salyası aktığını gördün mü? Küçük Çıtırcık'a söz verdim, senin pastırmanı kızarttığımız gibi ona kocaman bir kazan 'Komutan Yahnisi' pişireceğim.
Speech_Camp_V10_01_Body = Şimdi bakma ama, seni takip eden o gölge... benim. Ha!
Speech_Camp_V11_01_Body = Aklını başından alacağım evlat: Scarlett'i sandığın kadar tanımıyorsun.
Speech_Camp_V12_01_Body = Kung Fucius der ki: "Sıkı savaşan da, işini bitirdiğimde en acılı biçimde ölür."
Speech_Camp_V12_02_Body = Seni nasıl yok etsem: Kırık boyun mu? Delinmiş dalak mı? Nunçakularım burnunda mı?
Speech_Camp_V13_01_Body = Söyle bana sevgilim - kafana mı nişan alayım... yoksa kalbine mi? Aman Tanrım, seni nişangâhıma almak için sabırsızlanıyorum.
Speech_Camp_V14_01_Body = Beni utandırmaya nasıl cüret edersin! Seni yok ettikten sonra çok pahalı avukatım seni... heceleyemediğim büyük bir kelime yüzünden dava edecek.
Speech_Raven_E16_01_Body = Buraya kadar geldiğiniz için teşekkürler Komutan. Artık himayemdeki gencin elinde acı çekişinizi izleyebilirim. O, hep Scarlett'in olmasını dilediğim evlat.
Speech_Camp_V15_01_Body = Önce sizi rezil edeceğim Komutan, sonra Scarlett'i ihaneti için cezalandıracağım. Ve cezalandırmak derken kulak çekmekten bahsetmiyorum.
Speech_Camp_V15_02_Body = Adanız benim komutama geçtiğinde, fırsatı varken beni öldürmemekle Scarlett'in ne kadar büyük bir hata yaptığını hepiniz anlayacaksınız.
Speech_CivColor_01_Body = Bilim insanlarımız Port Sylvan'daki bir laboratuvar tesisinde. Karanlık İttifak yerlerini keşfetmeden onları tahliye etmemiz gerekecek.
Speech_CivColor_02_Body = Bilim insanları {rare} kullanarak bir savunma silahı geliştiriyordu, ama tahliye sırasında onu geride bırakmak zorunda kaldılar. Yeni bir tedarik bulmamız gerekecek.
Speech_CivColor_03_Body = Karşı silahımızı yapmak için gereken yatırım çok büyük olacak. Paramızı yeniden döndürmemiz gerekecek.
Speech_CivColor_04_Body = {rare} üzerinde iyi ilerliyoruz, ama daha fazla mühendis ve bilim insanına ihtiyacımız olacak.
Speech_CivColor_05_Body = Tranquility Cove'da bir {rare} zulası var, ama onu Karanlık İttifak ablukasından kaçırmanın bir yolunu bulmamız gerekecek.
Speech_CivColor_06_Body = Açık pazarda biraz {rare} belirdi. Kuzgun ele geçirmeden satın alın.
Speech_Ep02_Sarah_01_Body = Komutanım, ben Sarah, Kamu Danışmanınız. Çiftlikler inşa edip ekin hasat ederek Para kazanmaya başlayalım.
Speech_Ep04_Scarlett_01_Body = O yaşlı alçak cevherimizi çalmaya neden gönderildi? Ne olur ne olmaz, cevher madenciliğine başlasak iyi olur.
Speech_Ep04_Cross_01_Body = Kai Tana kendini ne sanıyor bilmiyorum, ama işlerin yalnızca zorlaşacağından emin olabilirsiniz. Kuvvetlerinizi çeşitlendirmeli ve bir Hava Kuvvetleri kurmalısınız.
Speech_Ep04_Scarlett_02_Body = Savaş ağası Kai Tana'nın Mercadia'nın askerî üslerine el koyduğu haberini aldık. Bunu şimdi durdurmazsak sıra bize gelecek.
Speech_Ep05_Scarlett_01_Body = Komutanım, düşmanın {rare} kaynağımızı neden istediğini öğrenene kadar tetikte olmalıyız. Daha fazlası için geri gelebilirler.
Speech_Mac_1165_01_Body = Yakında yerimiz tükenecek Patron. Sınırlarımızı genişletmeye başlamalıyız.
Speech_Ep05_Scarlett_02_Body = Efendim, "Jada Bombs"un Karanlık İttifak adına Reef Haven'ın petrol rezervlerini yağmaladığına dair raporlar var. Onu durdurmalıyız!
Speech_Ep06_Scarlett_01_Body = Komutanım, bu "Güneş Fırtınası"nın metallerle bağlantısı henüz belli değil. Karanlık İttifak'ın sonraki hamlesini gözden kaçırmayalım.
Speech_Ep06_Cross_01_Body = Size şimdiden söyleyeyim, bu Karanlık İttifak kuvvetlerinin önüne geçmek istersiniz. En iyi seçeneğiniz birliklerinizi Araştırma Laboratuvarı'nda geliştirmek.
Speech_Ep06_Cross_02_Body = Tebrikler Komutanım. Görünüşe göre sonunda kışlanıza sığmaz oldunuz. Büyük çocuklar oyuncaklarını Kışla II'den alır.
Speech_Ep06_Scarlett_02_Body = Karanlık İttifak'tan "Baron Crashalot", Teramar halkını cevher madenlerinde çalışmaya zorladı. Onu devirip halkımızı özgürleştirmeliyiz!
Speech_Ep07_Scarlett_01_Body = Komutanım, bu Güneş Fırtınası silahı bir gün etkinleştirilirse nüfusumuzu kırıp geçirir. Kendimizi ondan korumanın bir yolunu bulmalıyız. Isla Azul'daki baş bilim insanımız Dr. Seabolt'un bir cevabı olabilir.
Speech_Ep07_Cross_01_Body = Pacificor'a gideceğimizi duydum. Bir Tersane II'nin altından kalkabileceğinizi düşünüyor musunuz?
Speech_Ep07_Scarlett_02_Body = Bu korkunç. "Graves Kızları" Isla Azul'un kontrolünü çoktan ele geçirmiş ve Dr. Seabolt'u esir almış! Onu Kuzgun'un Güneş Fırtınası silahını yapmaya yardım etmeye zorluyorlar.
Speech_Ep08_DrSeabolt_01_Body = Komutanım, ben Dr. Seabolt. Beni kurtardığınız için teşekkürler! Ama size ve Scarlett'e önemli bir haberim var. Lobster Bay'de Güneş Fırtınası için bir ön hazırlık tesisi bulunuyor.
Speech_Ep08_Scarlett_01_Body = Dr. Seabolt bir hazırlık tesisinden bahsetti. Oraya saldırılmalı. Bu silahın geliştirilmesini yavaşlatır, ama kolay olmayacak. Kuzgun'un stratejisti Von Helman'ın kuvvetleri o bölgeyi koruyor.
Speech_Ep08_DrSeabolt_02_Body = Bir Kara Araştırma Laboratuvarınız olduğunu görmek güzel. Size bir şey söyleyeyim, bu Von Helman'la yüzleşmeye yetmeyecek. Bir Hava Kuvvetleri Araştırma Laboratuvarı da inşa etmelisiniz.
Speech_Ep08_Cross_01_Body = Hazırlık tesisini ortadan kaldırmalıyız. Tedbiri elden bırakmamak lazım. Mevcut en iyi uçakları alabilmek için Hangar II'yi kuralım. Harekete geçelim!
Speech_Ep08_Cross_02_Body = Dağınık bir düzeni gördüğümde tanırım. O "Von Helman" eski Savunma Danışmanımızmış! Hain!
Speech_Ep08_Scarlett_02_Body = Korkarım haklı. Von Helman eskiden imparatorluğumuzun Generaliymiş -- benim işimi yapıyormuş!
Speech_Mac_1270_01_Body = Hey Patron, artık yeni Kereste Fabrikası II'leri kurabiliriz. Bir denesek iyi olur.
Speech_Ep09_Scarlett_01_Body = Açık konuşayım Komutanım: önceki liderimize karşı isyanı ben yönettim. İnanın bana, hak ettiğini buldu. Sonra açıklayabilirim.
Speech_Ep09_DrSeabolt_01_Body = Araştırma laboratuvarlarınızın çalıştığını görüyorum. Bu Güneş Fırtınası silahını incelemek için iyi çalışan bir araştırma laboratuvarına ihtiyacımız olacak. Birkaç birliği geliştirerek sizinkini sınayalım.
Speech_Ep09_Scarlett_02_Body = Efendim, savaş ağası "Kazmacı Dirk"in Pacificor Belediye Binası'nı yağmalayıp bir Karanlık İttifak karakoluna çevirdiği haberini aldık.
Speech_Ep09_Cross_01_Body = Burada gevşekliğe son versek iyi olur. Kuvvetlerimizi geliştirme zamanı!
Speech_Ep10_Scarlett_01_Body = Umutlandım Komutanım. Kazmacı'nın geri çekilmesi Karanlık İttifak'ın bir zayıflık işareti. Artık kesinlikle dikkatlerini çektik.
Speech_Ep10_Scarlett_02_Body = Efendim, savaş ağası "Hemşire Malady"nin halkımızı kaçırıp Port Sylvan'daki zehirli bir test tesisine gönderdiği haberini aldık!
Speech_Ep10_Sarah_01_Body = Efendim, kaçırılma haberlerini aldım. Herkesin yerli yerinde olduğundan emin olmak için komşularımızı yoklamalıyız.
Speech_Ep11_DrSeabolt_01_Body = Komutanım, sonunda Güneş Fırtınası'nı yenecek bir karşı silahın sağlam bir tasarımına sahibiz. Adını "Valkyrie" koyuyorum.
Speech_Ep11_Scarlett_01_Body = Bu harika bir haber doktor! Onu inşa etmenize nasıl yardım edebiliriz?
Speech_Ep11_DrSeabolt_02_Body = Çok miktarda Cevhere ihtiyacımız olacak!
Speech_Ep11_Scarlett_02_Body = Tranquility Cove yüksek yoğunluklu metaller bakımından zengin bir bölge. Tek sorun, savaş ağası "Beau LeChomp"un bu bölgeyi işgal etmesi ve bu önemli kaynağı koruması.
Speech_Ep12_Scarlett_01_Body = Tranquility Cove'u kurtararak harika iş çıkardınız! Dr. Seabolt'un ekibi artık harika bir başlangıç yaptı. Ancak üzülerek bildiriyorum ki Avaron halkı kayboldu...
Speech_Ep12_Cross_01_Body = Scarlett haklıysa daha iyi askerlere ihtiyacımız olacak. Önce bir Kışla III inşa etmeniz gerekecek.
Speech_Ep12_Scarlett_02_Body = Mekanize Askerler, Kung Fucius'un yerini buldu. Ithmar'ın ve Valkyrie Projesi'nin enerji kaynağını sabote ediyor.
Speech_Ep13_Scarlett_01_Body = Kuzgun'un önceki komutanımız olduğuna inanmayı reddediyorum. Yılanbalığı yalan söylüyor -- söylemek zorunda. Bu işin aslını öğreneceğim...
Speech_Ep13_Scarlett_02_Body = Ama şu an daha önemli işlerimiz var. "Çvş. Dan O'Might" Valkyrie Silahı prototipimize saldırmak için yolda. Onu Blister Reef'te durdurmalıyız.
Speech_Ep14_Scarlett_01_Body = Çavuşun fotoğrafında gördünüz. Doğru. Kuzgun benim babam. Bir zamanlar iyi bir adamdı. Ama güç onu yozlaştırdı ve adamızı da yozlaştırmadan onu durdurmam gerekti. Şimdi onu yeniden durdurmalıyız.
Speech_Ep14_DrSeabolt_01_Body = Efendim, nedense Valkyrie test tesisimizin tüm enerjisi kesildi. Neler olduğunu anlayana kadar çalışmalar durdu.
Speech_Ep14_Cross_01_Body = Aldığım raporlar hiç hoşuma gitmiyor. Ada çevresindeki hava devriyelerini artırmalıyız. Bir Hangar III inşa edelim!
Speech_Ep14_Scarlett_02_Body = Raptor'lar Düşes'in gönderdiği ileri keşif birliklerini tespit etti. Onu durduralım!
Speech_Ep15_Scarlett_01_Body = Doktor Valkyrie Silahı'nın testlerine başladı. Ancak casuslarımız Güneş Fırtınası'nın da tamamlanmanın son aşamasında olduğunu bildirdi. Üretimimizi hızlandırmalıyız.
Speech_Ep15_Mac_01_Body = Scarlett şaka yapmıyor Patron. Temposu artırmalıyız. Şu yeni Kereste Fabrikası III'ü kurup çalıştıralım!
Speech_Ep15_DrSeabolt_01_Body = Scarlett'in söyledikleri doğruysa işleri hızlandırmak için alabileceğimiz her yardıma ihtiyacımız olacak.
Speech_Ep15_DrSeabolt_02_Body = Scarlett'in söyledikleri doğruysa durumumuzu düzeltmek için alabileceğimiz her yardıma ihtiyacımız olacak.
Speech_Ep15_Scarlett_02_Body = Son saate giriyoruz ve Kuzgun'un kalesinin tam yerini hâlâ bilmiyoruz. Savaş ağası sevgilisi "Düşes"in yenilirse büyük ihtimalle teslim olacağına dair raporlar var. Belki bize yardım edebilir.
Speech_Ep16_Scarlett_01_Body = Savaş iyice kızışıyor. Üretim kapasitemizi genişletmeliyiz.
Speech_Ep16_Mac_01_Body = Scarlett ne yaptığını biliyor. Hadi birlik stoklayalım. Şu yeni Petrol Kuyusu III'lerin mührünü açmanın zamanı geldi.
Speech_Ep16_Sarah_01_Body = Komutanım, bu savaş henüz bitmemiş olsa da halk bir araya geldi ve sizin onurunuza bir park yapmak istiyor.
Speech_Ep16_Scarlett_02_Body = Karanlık İttifak çaresizleşiyor. Engerek, sıradaki savaş kendisi için iyi gitmezse diye Corte Marino'dan rehineler aldı.
Speech_Ep17_Scarlett_01_Body = Şimdi her şey anlam kazandı -- Kuzgun şeytani imparatorluğunu finanse etmek için Engerek'in vakıf fonunu kullanmış. Söylemeliyim, bu ikisi birbiri için yaratılmış.
Speech_Ep17_Mac_01_Body = İşte bu Patron. Son hesaplaşma. Bir Cevher Madeni III açalım mı, ne dersin?
Speech_Ep17_Sarah_01_Body = Efendim, halk huzursuzlanıyor. Bu kıyamet silahı Güneş Fırtınası'ndan korkuyorlar. Şu an liderlerinden biraz ilgi görmeye ihtiyaçları var.
Speech_Ep17_Scarlett_02_Body = Tüm askerî liderlerimizle görüştüm Komutanım. Son hamleye başlamaya hazırlar.
Speech_Cross_7050_01_Body = Savaş Gemilerini batırmanın en iyi çözümü Uçak Gemileridir.
Speech_Cross_7051_01_Body = Bombardıman Uçaklarının havada doğal bir düşmanı var: Zeplinler.
Speech_Cross_7070_01_Body = Temaslarımız yolda olan Topçu birlikleri tespit etti. Onlara cepheden vurmak için biraz Er eğitelim.
Speech_Cross_7080_01_Body = Savaşa sürekli Tank mı getiriyorlar? Bir dahaki sefere yanınızda birkaç Savaş Gemisi getirin.
Speech_Cross_7090_01_Body = Birkaç bombardıman baskını yapmanın zamanı geldi. Ne dersiniz Komutanım?
Speech_Cross_7120_01_Body = Dikkat. Az önce düşman Uçak Gemileri tespit ettik. Tehdit olmadan onları batırmalıyız.
Speech_Cross_7130_01_Body = Oradaki tank silahlarını güçlendiriyorlar. Onlara kendi büyük toplarımızla karşılık verelim!
Speech_Cross_7131_01_Body = Oradaki Zeplinler daha fazla sorun çıkarmadan toplanmalı!
Speech_Cross_7140_01_Body = Düşman Savaş Gemileri ciddi hasar veriyor. Hafif Uçak Gemilerimizi üzerlerine salın.
Speech_Cross_7150_01_Body = Uçak Gemisi gönderdikleri haberini aldık. Tanklarımızı hazırlayalım.
Speech_Cross_7170_01_Body = Biraz daha tank avlama zamanı Komutanım! Ava var mısınız?
Speech_Cross_7171_01_Body = Hücumbotları erzak sevkiyatlarımızı yolda kesiyor. Hafif Savaş Gemilerimiz bu baskınları durdurabilir.
Speech_Cross_7190_01_Body = Düşmanın orada Müttefiklerimizin Zeplinlerini düşüren usta bir pilotu var. Uçan Kale Bombardıman Uçaklarımızla onu avlayın.
Speech_Cross_7210_01_Body = Zeplinler sivil liman şehirlerimize baskın yapıyor. En kısa sürede karşılık vermeliyiz.
Speech_Cross_7220_01_Body = Topçu birlikleri silah depolarımızı bombalamak için yolda. Onları durdurmalıyız.
Speech_Cross_7230_01_Body = Bir düşman casusu açıktaki Bombardıman Uçakları tarafından alınmayı bekliyor. Bombardıman Uçaklarına gizlice yaklaşıp ulaşımını ortadan kaldırın.
Speech_Cross_7250_01_Body = Önemli bir devlet adamını ana adasına geri götürmemiz gerekiyor. Yolumuza çıkan Tankları temizlemek için Chinook Zeplinlerini kullanın.
Speech_Cross_7260_01_Body = Düşman Topçusu Savaş Gemilerimizi uzaktan dövüyor. Onları susturmak için Hücum Uçak Gemilerimizi gönderin.
Speech_Cross_7270_01_Body = Bombardıman Uçakları Müttefiklerimizin Çiftliklerini hedef alıyor, halkları aç kalıyor. Buna bir son verelim!
Speech_Cross_7280_01_Body = Düşmanın yan cephemizde sinsice dolaşan bir Asker timi var. Onları saklandıkları yerden çıkarmak için Bombardıman Uçaklarını gönderin.
Speech_Cross_7281_01_Body = Tankları Müttefiklerimizin arasında rodeodaki azgın boğa gibi dolaşıyor. Onları yavaşlatmalıyız.
Speech_Cross_7290_01_Body = Çalınmış belgeleri taşıyan bir düşman Asker timi var. Sherman'ları gönderip onları avlayın!
Speech_Cross_7291_01_Body = Topçu birlikleri önemli bir Müttefikin Meclis binasını bombalıyor. Biz buna son verene kadar başkentlerini terk ettiler.
Speech_Cross_7320_01_Body = Reef Haven'a doğru giden bir Bombardıman filosu istihbaratı alıyoruz. En sevdiğim Zeplin olan Apache ile onları durdurun!
Speech_Cross_7330_01_Body = Şu düşman Topçu birliklerini ortadan kaldırmazsak birazdan tepemize top mermisi yağacak.
Speech_Cross_7331_01_Body = Uçak Gemisi refakatleri pozisyonunu kaybetti. Gizlice sokulup onları Seawolf Hücumbotlarımızla resmen tanıştıralım.
Speech_Cross_7340_01_Body = Süpersoniğe geçiyoruz Komutanım! Bu yeni Bombardıman Uçaklarını hızlı bir saldırıyla deneyelim!
Speech_Cross_7360_01_Body = Düşman, halkı rehin tutan küçük bir adanın üzerine Zeplinler yerleştiriyor. Neler olduğunu görmek için birkaç Ağır Uçak Gemisi gönderin.
Speech_Cross_7370_01_Body = Düşman Uçak Gemileri Müttefikimizin Topçusunu parkta yürüyüş yapar gibi yok ediyor. Raptor Avcı Uçaklarını hemen gönderin!
Speech_Cross_7380_01_Body = Tank taburlarımızı paramparça eden bu Savaş Gemilerinden bıktım usandım! Üzerlerine bir Ağır Topçu barajı yağdırır mısınız?
Speech_Cross_7390_01_Body = Şimdi sıra bizde! Neler yapabileceğimizi göstermek için Taarruz Savaş Gemileri üretin ve Tanklarını avlayın.
Speech_Cross_7400_01_Body = Bu Abrams Tankı şimdiye kadarki en iyimiz. Hiç vakit kaybetmeden en iyi yaptığı işi yaptıralım: birkaç Avcı Uçağı düşürmek!
Speech_Cross_7440_01_Body = Düşman Uçak Gemileri Isla Azul'a doğru ilerliyor. Fazla yaklaşmadan Avcı Katil Hücumbotlarıyla önlerini kesin.
Speech_Cross_7460_01_Body = Yeni bir çağ başladı Komutanım: Mekanize Asker çağı. Gerçek bir havai fişek gösterisi için bu yaman çocukları düşmanın Topçusuna salın.
Speech_Cross_7480_01_Body = Süper Uçak Gemileri sonunda geldi! Bu aletlerin Savaş Gemilerine neler yaptığını izleyin!
Speech_Cross_7510_01_Body = Düşmanın Bombardıman Uçakları kıyı şeridimizi harabeye çeviriyor. Neyse ki Roketatar Topçu tam bunun için tasarlandı.
Speech_Cross_7511_01_Body = Yaralıların taşınmasını engellemek için Hücumbotlarını abluka olarak kullanıyorlar. Onlara birkaç Comanche Zeplini ile gizlice sokulalım!
Speech_Cross_7512_01_Body = Bazı rehineleri korumak için bir Tank Taburu kullanıyorlar. Onları temizlemek için tertemiz bir şey lazım. Aklımda Raylı Top Savaş Gemileri var.
Speech_Cross_7520_01_Body = Savaş Gemileri oradaki Hücumbotlarımızla alay ediyor Komutanım. Onlara küçük bir sürpriz yapalım.
Speech_Cross_7530_01_Body = Bir düşman Asker timi cephe hattımızdan gizlice geçmeye çalışıyor. Onları yeni favori Tankımla "ezelim"...
Speech_Scarlett_0516_01_Body = Güzel adamız! Yerle bir olmuş! Komutanım, bizi yeniden zafere siz taşımalısınız!
Speech_Scarlett_6015_01_Body = Kıyı boyunca daha fazla düşman kuvveti çıktı! Karşılık vermeliyiz!
Speech_Scarlett_6016_01_Body = General Scarlett göreve hazır. Komutanım, yine saldırı altındayız!
Speech_Scarlett_6018_01_Body = Ormanda bir düşman tankı tespit edildi. Avlayın onu!
Speech_Scarlett_6019_01_Body = Az önce yaklaşan başka bir saldırı tespit ettik!
Speech_Mac_0400_01_Body = Ne kadar çok kaynak binamız olursa o kadar çok kaynak çekebiliriz!
Speech_Cross_0410_01_Body = Şu an ağırdan alamayız. Daha fazla birlik üretebilmek için daha fazla Askerî bina kuralım!
Speech_Mac_0420_01_Body = Kapabileceğimiz her şeyi kapmamak için bir sebep yok. Birkaç tedarik hattı daha açalım!
Speech_Cross_0430_01_Body = Düşmanın bizi geçmesine izin veremeyiz. Birkaç üretim hattı daha açalım.
Speech_Mac_0440_01_Body = Yine o zaman geldi Patron! İşler tıkırında gitsin diye birkaç kaynak tedarik hattına daha yatırım yapalım.
Speech_Cross_0450_01_Body = Daha çok Askerî Bina, savaş alanında daha çok birlik. Bu kadar basit.
Speech_Cross_3565_01_Body = Müttefiklerimiz ağır kayıplar veriyor. Onlara yardım etmek için biraz silah gönderelim.
Speech_Scarlett_0633_01_Body = Bölgede düşman olduğuna dair raporlar aldık. Doğrulamak için çevreyi tarayın.
Speech_Sarah_0200_01_Body = Yeni Küçük Kazıklı Evler, Küçük Ada Kulübelerinden bile daha fazla insan barındırabiliyor!
Speech_Sarah_0205_01_Body = Yakın adalardan gelen mülteciler geldi ve barınak arıyor.
Speech_PVP_Initial_Invasion_Body = İstilanızın yerini seçin.
Speech_Crew_AutoFill_Body = Ekibinize katılmaya karar verdim!
Speech_Cross_0299_01_Body = Karanlık İttifak'a karşı mücadelemizde Cape Pleasant halkıyla dayanışmamızı göstermeliyiz.
Speech_Cross_0300_01_Body = Cape Pleasant halkı Karanlık İttifak'la savaşmak için gizlice Ejder Teknesi geliştiriyordu. Yardımınıza minnettarlıklarını göstermek için planları artık sizinle paylaşıyorlar!
Speech_Cross_1320_01_Body = Dikkat! Donanmamızı geliştirmek için bir Deniz Araştırma Laboratuvarı kullanılabilir. Daha iyi gemilerle nasıl kaybedebiliriz ki?
Speech_Scarlett_0310_01_Body = O deli adamdan adanın kontrolünü alalı bir yıl olduğuna inanamıyorum. Bağımsızlık Haftası unutulmaz bir kutlama olacak!
Speech_Scarlett_0315_01_Body = Ahh... Bağımsızlık Haftası hava gösterisi. En yeni uçağımız P-40'ı ve diğer bazı özel uçakları sergileyeceğiz!
Speech_Scarlett_0320_01_Body = Bağımsızlık Haftası onuruna bizi özgürlüğe taşıyan askerlere özel bir teşekkürde bulunacağız. Havai fişekler çok pahalıya gelirdi.
Speech_Scarlett_0325_01_Body = Bağımsızlık Haftası'nın büyük etkinliği, yeni F-35 Lightning II Avcı Uçaklarının alçak uçuşuyla dev bir geçit töreni olacak. Gelmiş geçmiş EN İYİ geçit töreni! Yakıt fiyatlarını düşünürsek öyle olsa iyi olur.
Speech_Scarlett_0330_01_Body = Ortak tatbikat yapacağız. Müttefiklerimizi iyi ağırlayalım.
Speech_Scarlett_0331_01_Body = Müttefiklerimiz bize Bastille Tankı'nın planlarını verdi. Hadi üretime geçirelim.
Speech_Scarlett_0332_01_Body = İyi iş Komutanım. Şimdi bu tanklarla bir test sürüşü yapalım!
Speech_Scarlett_0333_01_Body = Bir Kara Atış Poligonu kuralım ve kuvvetlerimizin birlikte çalışmasını sağlayalım.
Speech_Scarlett_0334_01_Body = Sahaya birkaç birlik sürelim ve biraz hasar verelim... düşmana, yani.
Speech_Scarlett_0336_01_Body = Hayatlarını uzay keşfine adayan cesur hayvanları onurlandırmaya karar verdik. Onlar olmasa dondurularak kurutulmuş dondurma da olmazdı.
Speech_Scarlett_0337_01_Body = Ay görevinden sonra astronotları alan gemi adamızda karaya çıkmıştı! Tayfa Ananas Brendimize bayılmıştı, şimdi buluşma zamanı.
Speech_Sarah_0340_01_Body = Adanın Sucuk Festivali'ni kutlamak için bir araya geldiği zamanlar. Adayı zamanında hazırlamak için acele etmeliyiz.
Speech_Sarah_0341_01_Body = İyi bir başlangıç efendim, ama bira bahçesinin daha çok çalışmaya ihtiyacı var. Nedense Buğdayımız tükeniyor gibi.
Speech_Sarah_0342_01_Body = Her yer harika görünüyor, ama sucukların gerçekten akıp gitmesi için birkaç son dokunuş lazım. Bira üreticileri de daha fazla Buğday istiyor.
Speech_Krunsch_0950_01_Body = Beni hatırladın mı tayfa? Korkma, bırak titremeyi. Karanlık İttifak'la işim bitti. Seninle savaşmaya gelmedim. Ben... yardımına muhtacım.
Speech_Krunsch_0950_02_Body = Evet, biliyorum. Ben, dizlerimin üstünde yardım dileniyorum. Ama kendim için değil, tayfam için. Yiyeceksiz bir adada mahsur kaldılar.
Speech_Krunsch_0950_03_Body = Bak ne yapacağım. Adamlarıma yardım edersen sana ödül vereceğim... bir yığın Zehirli Gaz saldırısı! Bana lazım değil. Adamlarım benim hatalarımın cezasını çekmemeli.
Speech_Krunsch_0951_01_Body = Sen iyi birisin ve bunun için sana deli gibi saygı duyuyorum...
Speech_Krunsch_0951_02_Body = ...ama biraz tatlı koysan ölür müsün? Haftalardır o adadalar. Biraz taze çilek nasıl olur?
Speech_Krunsch_0952_01_Body = Adamlarım adına sana bir kez daha teşekkür etmek isterim...
Speech_Krunsch_0952_02_Body = ...ama yiyecekler hâlâ senin adanda. Filomu yok ettin, hatırladın mı? Nasıl alacaklar? Onu senin götürmen gerekecek. Lütfen!
Speech_Krunsch_0952_03_Body = Her savaş gemisi fırtınaya dayanır. Ama Cape Pleasant açıklarındaki sular çetindir. Savaşta Hücumbotlarını yenerek geminin denize dayanıklı olduğundan emin ol. Allah aşkına!
Speech_Krunsch_0953_01_Body = Şerefine şarkılar söylenecek, garanti ederim. O Zehirli Gazı hak ettin. Adamlarımı gazlayıp geçebilirdim sanırım, ama o eski Krunsch'tu...
Speech_Krunsch_0953_02_Body = ...yine de minicik BİR şey daha var. Hâlâ o adada mahsurlar. Onlara biraz onarım malzemesi ve yakıt verirsen neşe içinde yollarına devam edebilirler.
Speech_Krunsch_0953_03_Body = Yoksa yiyecek götürmeye devam etmen gerekecek. Hem bir Kuzey Atlantik ringasından daha sadık ve şefkatli olduğunu bilerek geceleri daha rahat uyursun. Sana bir borcum var.
Speech_Sarah_0312_01_Body = Halkımız operayı sever, güzel sanatlara da en iyi tatlı patates kızartması yakışır!
Speech_Sarah_0311_01_Body = Kendi Darphanemiz olunca mal ve hizmet için çocuklarımızı takas etmek zorunda kalmayacağız.
Speech_Cross_0955_01_Body = Acil Komutanım! Kayıp bir uçağı aramak için yeni müttefikler toplamalıyız. Yeni müttefik toplamak için 36 saatimiz var, size de özel bir Vampir Avcı Uçağı kazandıracak!
Speech_Sarah_0956_01_Body = Doğrulanmamış istihbarat sınırlarımızın ötesinde yeni bir belanın kaynadığını ima ediyor. 36 saat içinde yeni müttefikler toplarsanız özel bir Catalina Bombardıman Uçağı kazanırsınız!
Speech_Scarlett_W110_01_Body = Kötü haber Komutanım. Savaş iyi gitmiyor. Geride kalıyoruz ve üretimimizi artırmalıyız. Yardım istemek için Komşuları ziyaret edin. Başarırsak Cross bize bir Tiger Tankı sözü verdi!
Speech_Scarlett_W111_01_Body = Artık dostlarımız durumumuzdan haberdar olduğuna göre, karne sisteminin acısını hafifletmek için zafer bahçeleri kurun.
Speech_Scarlett_W112_01_Body = Komşularımızdan daha fazla yardıma ihtiyacımız olacak. Bağış toplamak için insanları ziyaret etmeye başlayın. Cross da Tiger Tankı sözünü tutacağını söylüyor.
Speech_Scarlett_W113_01_Body = Yeniden ayağa kalktığımıza göre birkaç yeni birlik üretelim. Bir Tiger Tankı talep etmek için Onay Mühürleriyle özel izin almamız gerekecek.
Speech_Seabolt_W115_01_Body = Ah, Komutanım. Ben Dr. Seabolt ve size küçük bir görevim var. Ada savunmasını güçlendirecek yeni bir Avcı Uçağı üzerine düşünüyordum.
Speech_Seabolt_W116_01_Body = Mükemmel. Bu parçalar gayet iş görür. Şimdi uçakları yapıyoruz.
Speech_Seabolt_W117_01_Body = Şimdiye kadar iyi görünüyor, ama düşmana karşı nasıl performans gösterdiklerini görmemiz gerek. Şu baş belası hava birlikleriyle başlayalım.
Speech_Seabolt_W118_01_Body = Bu gerçekten görülmeye değerdi. Şimdi deniz birliklerine karşı performanslarını sınamak istiyorum.
Speech_Seabolt_W119_01_Body = Son olarak bu tatlı şeylerin kara birliklerine karşı nasıl olduğunu görelim. Beni hayal kırıklığına uğratmayın Komutanım.
Speech_Cross_0225_01_Body = Önce kuleyi yerleştirin. Sonra parça ve alet toplayarak inşaatı bitirin.
Speech_Cross_0226_01_Body = Artık inşa ettiğinize göre Savunma Kulesi işlevini devreye sokun! (Başka bir deyişle... açın onu.)
Speech_Cross_0227_01_Body = Artık en değerli binalarınızı koruyabildiğinize göre gidin bir Komşuyu istila edin. Anlayış gösterirler. Göstermezlerse de ne yapabilirler ki?
Speech_Cross_0228_01_Body = Bu garibanı çalışır tutmak için nöbetçileri uyanık tutacak bir şeye ihtiyacımız olacak.
Speech_Cross_0230_01_Body = Artık daha büyük, daha fena ve daha güzel. Savunma Kulesi II'yi çalıştıralım.
Speech_Cross_W120_01_Body = Bölgede artan hareketlilik raporları alıyoruz. İşin garibi, Karanlık İttifak gibi görünmüyor.
Speech_Cross_W122_01_Body = Neler olduğuna bakan bir sürü insan var, ama pek iş birliği yok.
Speech_Cross_W124_01_Body = Bu doğru değil. Orada öylece duran tek bir sarı uçak var. Bir kuvvet toplayıp onu kurtaralım.
Speech_Cross_W125_01_Body = Dr. Seabolt'un inceleyebilmesi için uçağı adaya geri getirin.
Speech_Cross_W126_01_Body = Sarı Mustang'de bir tür çılgın, kararsız enerji kaynağı var Komutanım. Bir çeşit radyasyon yayıyor.
Speech_Cross_W128_01_Body = Bunun hiç mantığı yok Komutanım. Bakalım uçak için geri gelen olacak mı.
Speech_Cross_W127_01_Body = Dr. Seabolt dilinde tüy bitene kadar şu Sarı Mustang'den bahsediyor ve bir tane üretmeyi denemek istiyor.
Speech_Cross_W129_01_Body = O çılgın bilim adamı başka bir Sarı Mustang bulup ona karşı nasıl olduğumuzu görmemizi istiyor. Neyi anlamaya çalışıyor ki?
Speech_Scarlett_W130_01_Body = Komutanım, adı konmayacak bir ülke son olayları duymuş ve bir Özel Harekât görevi için adamızı hazırlık bölgesi olarak kullanmak istiyor.
Speech_Scarlett_W132_01_Body = Aşçılarımız, hazır tayın yemekten bıkıp usanan askerler için özel bir ada lezzeti hazırlamak istiyor.
Speech_Scarlett_W134_01_Body = Adı-konmayacak ülkenin ordusu bizden bazı ek malzemeler istedi. Onları toplayın Komutanım.
Speech_Cross_W135_01_Body = Dikkat Komutanım! Beklediğimiz Özel Harekât askerleri pusuya düşürülüp esir alındı. Onları geri getireceğiz.
Speech_Cross_W136_01_Body = Kurtarmayı planlarken benzin ve gemi dümenleri çalındı. Evet, gemiler yüzer, tekerlekleri olmaz. Dümen tekerleğini diyorum.
Speech_Cross_W137_01_Body = Kuvvetimiz hazır. Hadi o askerleri kurtaralım!
Speech_Cross_W138_01_Body = Askerleri bulduk, ama onları tahliye etmek için hava nakliyesine ihtiyacımız var.
Speech_Scarlett_S010_01_Body = Komutanım, Dr. Seabolt'un paylaşmak istediği haberler var, ama güvenli olmayan bir kanaldan değil.
Speech_Cross_W140_01_Body = Bir şeyler dönüyor. Dr. Seabolt araştırması hakkında ağzını sıkı tutuyor ve bir şeylerin peşinde. Diğer adaları ziyaret edin ve... bir şeylere dikkat edin.
Speech_Cross_W141_01_Body = Gördüğümüz bu jeokimyasal anormalliği çözmek için daha fazla yardım işimize yarar. Hay aksi, ben Çavuşum, jeokimyacı değil!
Speech_Cross_W142_01_Body = Özel Harekât çocukları taraf değiştiren bir bilim insanını burada ne yaptıkları hakkında sorguladı. Daha fazlasını taraf değiştirmeye "ikna etmeye" çalışalım.
Speech_Cross_W144_01_Body = Taraf değiştiren bilim insanlarından gelen kanıtları inceledik; yakındaki bir adadaki araştırma tesisini işaret ediyor, ama sıkı korunuyor.
Speech_Cross_W146_01_Body = Kuvvetlerimiz hazır Komutanım. Ya şimdi ya hiç.
Speech_Cross_W148_01_Body = Bu ilginç bir gelişme. Adada bulduğumuz üs tuzaklarla dolu. Savunmaları aşmak için yardıma ihtiyacımız var.
Speech_Cross_W150_01_Body = Zorlu görevlerdi Komutanım, ama kuvvetlerimiz eve dönüyor. Onları ev yemeğiyle karşılayalım.
Speech_Cross_W152_01_Body = Dr. Seabolt'un mevcut teknolojimizi küçültmek için çılgın fikirleri var. Müttefiklerimizin katkıda bulunacak araştırmaları olabilir.
Speech_Cross_W154_01_Body = Dr. Seabolt başlamaya hazır, ama bir laboratuvar kurmak için malzemeye ihtiyacı var.
Speech_Cross_W156_01_Body = Artık parçalarımız olduğuna göre biraz arazi temizleyin ve alanı Dr. Seabolt'un laboratuvarı için hazırlayın.
Speech_Cross_W158_01_Body = Dr. Seabolt'un araştırmasına devam etmek için daha fazla malzemeye ihtiyacı var.
Speech_Cross_W160_01_Body = Dr. Seabolt çilekli waffle olmadan çalışmaya devam edemeyeceğini iddia ediyor. Sadece acıkmış. Ben tayın yiyorum. Adil, değil mi?
Speech_Cross_0960_01_Body = Sürekli bir Güçlendirici tedarikine ihtiyacımız var, yoksa düşmanlarımıza karşı asla ilerleyemeyiz.
Speech_Cross_0963_01_Body = Artık yapabildiğimize göre yapalım. Ne bekliyoruz? Güçlendiriciye karşı koymayın!
Speech_Seabolt_S012_01_Body = Teknolojimizi daha üst bir seviyeye taşıma zamanı. Bir Deneysel Tersane inşa edelim.
Speech_Seabolt_S014_01_Body = İlk özel deniz birliği teste hazır Komutanım.
Speech_Seabolt_S016_01_Body = Hastane Gemisi beklendiği gibi performans gösterdi. Daha büyük bir test için yakıt alma zamanı.
Speech_Seabolt_S018_01_Body = Tam bir özel birlik filosu hazırlayın ve kas gücümüzün yoğunluğunu hissedin!
Speech_Seabolt_S020_01_Body = Özel birlik tasarımlarımın etkinliğini doğrulamak için veriye ihtiyacım var. Verisiz bir bilim insanı, kirazsız bir dondurma gibidir. Meyvesiz.
Speech_Seabolt_S022_01_Body = Tasarımlarım tıpkı öngördüğüm gibi kusursuz. Bu birlikleri alışkanlık hâline getirme zamanı geldi, bunun için de bol miktarda Element Z gerekiyor.
Speech_Seabolt_S024_01_Body = Üzerinde çalıştığım heyecan verici yeni birlikleri üretmek için bir Deneysel Kışla'ya ihtiyacımız olacak.
Speech_Seabolt_S026_01_Body = Artık eserim mükemmelleştirildiğine göre bir deneme sürüşüne ihtiyacı var.
Speech_Seabolt_S028_01_Body = Beklediğimden daha yeterli sonuç verdi Komutanım. Güzel iş. Ama daha fazla Element Z'ye ihtiyacımız var.
Speech_Seabolt_S030_01_Body = Yeni birlikleri sergiliyoruz, çünkü hem ölümcüller HEM de estetik açıdan hoşlar.
Speech_Seabolt_S032_01_Body = Şimdi bu yaman çocukların savaşta nasıl olduğunu tespit etmeye çalışacağız.
Speech_Seabolt_S034_01_Body = Süreç beklediğimden daha zorlu oldu, ama Element Z'yi hava birliklerine uyarlamayı başardım.
Speech_Seabolt_S036_01_Body = Pek gerekli görünmüyor, ama Cross tam üretime geçmeden yeni hava birliklerinin test edilmesinde ısrar ediyor.
Speech_Seabolt_S038_01_Body = Yeni uçaklarımızı beslemek için daha fazla Element Z'ye ihtiyacımız olacak. Onları yerde test edebiliriz, ama uçuşta test etmek daha iyi olur.
Speech_Seabolt_S040_01_Body = Cross sonunda tam bir Blackbird ve Starfire hava filosu üretmeye onay verdi.
Speech_Seabolt_S042_01_Body = Ne yapılması gerektiğini açıkça söyleyerek zekânıza hakaret etmeyeceğim Komutanım. Parlak birisiniz; kendiniz çözün.
Speech_Seabolt_S044_01_Body = Şunu da hemen eklemeliyim: Element Z'nin sürekli tedariki hem savaşlarınız hem de araştırmam için son derece önemlidir.
Speech_Cross_P010_01_Body = İnanmayacaksınız Komutanım. Uluslar rastgele ve hiçbir kışkırtma olmadan birbirlerine saldırıyor. Daha fazla bilgi alabilir miyim bakacağım.
Speech_Cross_P012_01_Body = Anlaşılan bir diplomatik davetteki çeviri hatası hızla kontrolden çıkmış. Uluslararası kargaşa!
Speech_Cross_P014_01_Body = Rakipleri yenmeye devam edin Komutanım. En iyi savunma iyi bir falan filan.
Speech_Cross_T602_01_Body = Güzel bir gün olacak Komutanım! Dr. Seabolt askerî birliklerimizi geliştirmek için adımlar attı.
Speech_Cross_T604_01_Body = Bu yeni topçunun ilham kaynağı bir havai fişek fabrikası... havaya uçarken.
Speech_Cross_T606_01_Body = Yeni bir Tank sahada test edilmeye hazır.
Speech_Cross_T612_01_Body = Bu birlikler ordumuzun her parçasını fazla pişmiş akbaba bifteğinden daha sert yapıyor.
Speech_Cross_T614_01_Body = Bir gemiyi daha denize indirdiniz. Akıllıca kullanın Komutanım.
Speech_Cross_T616_01_Body = Dr. Seabolt yeni bir atılım bildiriyor. Bu sefer bir savaş gemisi.
Speech_Cross_T622_01_Body = Bu yeni Avcı İHA'lar sayesinde artık düşmanı adamızın rahatlığından dövebiliriz.
Speech_Cross_T624_01_Body = İyi ki dünyanın en iyi pilotlarına sahibiz, yoksa Dr. Seabolt'un son eseri asla havalanamazdı.
Speech_Cross_T626_01_Body = Duydunuz mu Komutanım? Düşman da duymayacak, ta ki iş işten geçene kadar.
Speech_Seabolt_W162_01_Body = Selamlar Komutanım. Ek veriye ihtiyacım var ve siz bana yardım edeceksiniz.
Speech_Seabolt_W164_01_Body = Peşinden gidilmesi gereken bir önsezim var. Bunun için biraz malzemeye ihtiyacım olacak.
Speech_Seabolt_W166_01_Body = AHH! Yüzüm! Güzel yüzüm! Bir şeyler korkunç biçimde ters gitti!
Speech_Seabolt_W168_01_Body = Komutanım, siz misiniz? Çiçekleri boş verin. Yardım etmek istiyorsanız laboratuvarımın ekipmana ihtiyacı var. Bir de çilekli smoothie iyi olurdu.
Speech_Seabolt_W170_01_Body = Araştırmamda daha az... yanıcı bir şey denemeye karar verdim.
Speech_Seabolt_W172_01_Body = Her şey hazır ve aletlerim veri toplamaya ayarlı. Salın köpekleri... bilimin köpeklerini!
Speech_Sarah_W174_01_Body = Bugün tarihî bir gün efendim. Çevredeki adalar Dünyanın En Büyük Burritosu'nu yapmak için bir araya geliyor.
Speech_Cross_W176_01_Body = Şu kahrolası Burrito beklemek zorunda Komutanım. Araçlarımız bozuluyor.
Speech_Cross_W178_01_Body = Aletler işe yarıyor Komutanım, ama bakım ekibinin hâlâ sorunları var. Bir şey eksik.
Speech_Cross_W180_01_Body = Komşularımızın Kara yapılarına yapılan ziyaretler çok yardımcı oldu Komutanım. Bakınmaya devam edelim.
Speech_Cross_W182_01_Body = Birliklerimizi çalışır tutmak için ne yapmamız gerektiğine dair bazı ipuçları buldum, ama emin olalım.
Speech_Cross_W184_01_Body = Çok emek istedi, ama gelişmiş araç bakımının sırrını çözdük Komutanım.
Speech_Sarah_W186_01_Body = Süregelen çatışmalar yerel yaban hayatı için bir kriz yaratıyor.
Speech_Sarah_W188_01_Body = Bu vahşi maymunları yakalamak kolay olmayacak. Onları uyutmamız gerekecek.
Speech_Sarah_W190_01_Body = Aman Tanrım. Maymunların yaşam alanı düşman kuvvetleriyle çevrili.
Speech_Sarah_W192_01_Body = Bölgedeki düşman varlığı sandığımızdan da kötü.
Speech_Sarah_W194_01_Body = Temiz efendim. Şu küçük şeytanları toplayalım. Şeytan derken sevimli minik yaratıkları kastediyorum.
Speech_Sarah_W196_01_Body = Maymunların doğal besin kaynaklarının çoğu çatışmalarda yok oldu.
Speech_KaiTana_FD0101_01_Body = Konnichiwa. Ben Kai Tana, bıçak kullanmış en ölümcül kadın. Siz pek Yedi Denizin Belası sayılmazsınız, değil mi? Belki size yardım edebilirim... bir bedel karşılığında.
Speech_KaiTana_FD0102_01_Body = Ölümcül Yamato II Savaş Gemisi'nin dümeninde denizde çok daha fazlasını yapabilirsiniz. Bana denizcilik becerilerinizi gösterin, belki size ondan biraz bahsederim.
Speech_KaiTana_FD0103_01_Body = Evet... Karanlık İttifak'a pek sadık davranmadığımın farkındayım, ama bir örgütü paralı askerler ve dolandırıcılarla doldurursanız böyle olur. Şimdi beni sorgulamayı kesin.
Speech_KaiTana_FD0104_01_Body = Karanlık İttifak bölgeden kovulduğunda Yamato II gizli bir tersanede yapım aşamasındaydı. Neredeyse tamamlandı ve nerede olduğunu yalnızca ben biliyorum. Yerini size söyleyebilirim, ama önce ciddi olduğunuzdan emin olmak için biraz malzemeye ihtiyacım var.
Speech_KaiTana_FD0105_01_Body = Güzel iş. Etkilendim... biraz. Yamato II tersanesinin koordinatlarını filo karargâhınıza ilettim. Ama gemi hâlâ eksik. Gidip biraz yedek parça bulma ve kendinizi yeniden savaşta kanıtlama zamanı.
Speech_KaiTana_FD0106_01_Body = Sizin gibi biri için idare eder bir başlangıç, ama Yamato II'nin nükleer bir itki sistemi var. Motorlarını çalıştırmak istiyorsanız biraz Element Z'ye ve iyi eğitimli bir Dümenciye ihtiyacımız olacak.
Speech_Sarah_W210_01_Body = Dr. Seabolt telaşla saatte 142 Kilometre diye bir şeyden bahsetti, sonra Kabak Festivali'ne hazırlanmamıza yardım edemeden ortadan kayboldu.
Speech_Sarah_W212_01_Body = Parti planlama komitemiz fuar alanına yaklaşırken saldırıya uğradı. Ne tür bir canavar parti planlama komitesine saldırır ki?
Speech_Sarah_W214_01_Body = Fuar alanı hazır ve halk kabak gibi coşkulu. Anladınız mı? Ah, kabak şakaları. Neyse, kabakları toplama zamanı.
Speech_Scarlett_W198_01_Body = İnanmayacaksınız Komutanım, ama çok tuhaf şeyler oluyor ve bir göz atmanızı istiyoruz.
Speech_Scarlett_W200_01_Body = Çocuklarla dolu bir minibüs çıkageldi. Muamma Makinelerinin anahtarlarını bulursak gizemimizi çözmeye yardım etmeyi teklif ediyorlar.
Speech_Scarlett_W202_01_Body = Çocuklar terk edilmiş bir madende bir ipucu buldu. Bakın!
Speech_Scarlett_W204_01_Body = Çocuklardan birkaçı yiyecek bir şey istiyor. Bir şeyler hazırlayabilir misiniz?
Speech_Scarlett_W206_01_Body = Eski bıçkıhanede başka bir ipucu çıktı. Gidip araştırın!
Speech_Scarlett_W208_01_Body = Bence o çocuklar bir şeylerin peşinde, ama ağızlarını fena sıkı tutuyorlar.
Speech_Scarlett_W216_01_Body = Yakındaki adalarda silah zulaları saklandığına dair söylentiler var. Gidip bir bakın Komutanım.
Speech_Scarlett_W218_01_Body = Soruşturmamızın haberi yayıldı. Gelen düşmanlara hazırlanın!
Speech_Scarlett_W220_01_Body = Silahların nereden geldiğine dair ihtiyacımız olan tüm kanıtlar elimizde. Kutlama zamanı!
Speech_Seabolt_W222_01_Body = Göçmen kelebeklerin küçük ada cennetimizden geçtiği mevsimdeyiz. Onları şık bir şekilde uğurlayalım!
Speech_Seabolt_W224_01_Body = Kelebekler adadan geçerken ilerlemelerini izlemek istiyoruz.
Speech_Seabolt_W226_01_Body = Kelebekler yalnızca kanat çırpan sanat eserleri değildir. Onların da yemek yemesi gerek!
Speech_Sarah_W228_01_Body = Adanın hindi için çıldırdığı mevsimdeyiz. Bu yıl bir sürü hindi toplamamız gerekecek.
Speech_Sarah_W230_01_Body = Hindileri yakaladıktan sonra onları tutacak bir yere ihtiyacımız olacak.
Speech_Sarah_W232_01_Body = Garnitürleri unutmayın.
Speech_Cross_W234_01_Body = Dr. Seabolt'a ilham perisi fena çarptı, şimdi de araştırma yapmak için malzeme istiyor.
Speech_Cross_W236_01_Body = Dr. Seabolt'un beynine yetişebilen tek şey midesi.
Speech_Cross_W238_01_Body = Araştırmasının adalıları rahatsız etmeyeceğini umuyordum. Ama tabii ki... adalıları her şey rahatsız eder.
Speech_Sarah_W240_01_Body = Bir sonraki Kara Orman Şenliği'nin zamanının geldiğine inanamıyorum. Çok heyecanlıyım!
Speech_Sarah_W242_01_Body = Herkesin kutlamaya davetli olduğunu bildiğinden emin olmalıyız.
Speech_Sarah_W244_01_Body = Geçmiş yıllar bir işaretse yeterince yiyecek ve içeceğimiz olduğundan emin olmalıyız.
Speech_Cross_W246_01_Body = Komutanım! Yabancı eğitim alaylarını tanımak için uluslararası bir savaş eğitimi semineri düzenliyorum. Biraz gözetleme ekipmanı kurup tüm olan biteni kaydedelim.
Speech_Cross_W248_01_Body = Sarı terai şapkalar? Yeşil cappello'lar? Kırmızı bereler? Beyaz kepiler?! Bu kültür değişimi başımı döndürüyor ama yürüyüş düzenlerini haritalamak istiyorum. GPS cihazlarını çalıştırma zamanı.
Speech_Cross_W250_01_Body = Çok şey öğrendim Komutanım. Bu taktikleri yeni ve geliştirilmiş eğitim programıma işlemek için bütün gece uyumayacağım. Bana birkaç Zipp Enerji İçeceği getirir misiniz?
Speech_Cross_W252_01_Body = Bir durumumuz var. Deniz Tatbikatlarımıza yakında başlamazsak mezuniyet için kutlama lahana salatası yapmak üzere aldığımız 4.000 galon mayonez bozulacak!
Speech_Cross_W254_01_Body = Yıllar içinde gördüm ki denizcileri hiçbir şey lahana salatası vaadi kadar çalışmaya motive etmiyor.
Speech_Cross_W256_01_Body = İşte bu. Eğitimi bitirelim, denizcilerimiz en iyilerin en iyilerinin en iyisi olacak. En iyisinin.
Speech_Cross_W258_01_Body = Askerlerimizi ne koşturur bilir misiniz? Onları güneş doğmadan şafakta uyandırıp tescilli acı biberli kahvemi yudumlatarak radyo programımı dinlemeye zorlarım.
Speech_Cross_W260_01_Body = Telsizimi onarmak beni biraz daha ciddi bir şeyi tamir etme havasına soktu. Depomu temizlerken bu Örümcek Robotu buldum. Onarın, sizin olsun!
Speech_Cross_W262_01_Body = Örümcek Robot artık çalışır durumda olduğuna göre biraz zırh plakası takıp Askerî kullanım için onaylatmamız yeterli.
Speech_Cross_Q121IHQ_01_Body = Şu kahrolası istilacılardan bıktınız mı? Kendinize yeni Vurucu Tim Karargâhı'nı inşa edin!
Speech_Cross_Q122IHQ_01_Body = Bizi istila edebileceğini sanan bir sonraki enayiye pusu kurmanın zamanı geldi!
Speech_Cross_QB124_01_Body = İyi haber Komutanım. Artık uçaklarımızı bu komik görünüşlü Depolarda saklayabiliyoruz. Hemen bir tane inşa edelim.
Speech_Cross_QB126_01_Body = İyi bir başlangıç Komutanım, ama Hava Depomuzda daha fazla yere ihtiyacımız var... hem de hemen. Daha da fazla uçak saklayabilmek için o güzelliği geliştirelim.
Speech_Cross_QB130_01_Body = İyi haber Komutanım. Artık gemilerimizi bu komik görünüşlü Depolarda saklayabiliyoruz. Hemen bir tane inşa edelim.
Speech_Cross_QB132_01_Body = İyi bir başlangıç Komutanım, ama Deniz Depomuzda daha fazla yere ihtiyacımız var... hem de hemen. Hadi, daha da fazla gemi saklayabilmek için o şeyi geliştirin.
Speech_Cross_QB134_01_Body = İyi haber Komutanım. Artık kara birliklerimizi bu komik görünüşlü Depolarda saklayabiliyoruz. Hemen bir tane inşa edelim.
Speech_Cross_QB136_01_Body = İyi bir başlangıç Komutanım, ama Kara Depomuzda daha fazla yere ihtiyacımız var... hem de hemen. Hadi, daha da fazla kara birliği saklayabilmek için o şeyi geliştirin.
Speech_Cross_QB138_01_Body = İyi haber Komutanım. Artık bu yeni fabrikayla kendi sınırlı sayıda birliklerimizi üretebiliyoruz!
Speech_Cross_QB140_01_Body = Artık bu şeyi inşa ettiğimize göre hemen birkaç sınırlı sayıda birlik üretelim!
Speech_Scarlett_Camp2a_01_Body = Kötü haber Komutanım! Molten Reef Adaları dev bir yanardağın patlamasıyla harap oldu! Adalardan biri B.F. Dealio adlı bir silah tüccarının elinde. Köylüleri kurtarmaya yardım etmeliyiz!
Speech_Scarlett_Camp2a_02_Body = Bir ada tahliye edildi. Tğm. Dealio diğer adalarda da yardım etmeyi kabul etti ve bu adaları bizden iyi tanıyor, yani pek seçeneğimiz yok. Sıradaki adayı Bella-Jeane LeChomp yönetiyor.
Speech_Scarlett_Camp2a_03_Body = Zincirdeki sıradaki adanın ıssız olması gerekiyor, ama nakliye gemilerimiz yakınından geçerken ağır ateş altında kaldı. Tğm. Dealio araştıracak.
Speech_Scarlett_Camp2a_04_Body = Sıradaki adanın lideriyle iletişim kuramadık. Bir lav akıntısı yerleşim bölgelerine doğru ilerliyor! Halkın hayatta kalması için Tğm. Dealio'nun hızlı davranması gerek!
Speech_Scarlett_Camp2a_05_Body = Devam edecek...
Speech_Mac_QT06_01_Body = Baş İnşaat Sorumlusu olarak yeniden aday oluyorum ve şaşmaz bir planım var: Şükran Günü için bulabildiğim kadar hindiyi affedeceğim!
Speech_Sarah_DEC001_01_Body = Harika haber! Halk Eğitim Merkezi'nde bir yönetim dersi alıyorum ve Süslemelerin indirim ve yapı gelirlerinde artış sağlayabileceğini öğrendim. Paramızı çalıştıralım!
Speech_Sarah_DEC002_01_Body = Az önce öğrendim ki sakinler parkları seviyormuş ve Konut Süslemelerinin yakınında yaşamak için daha fazla ödemeye razıymış! Belki birkaç tane yapmayı denemeliyiz.
Speech_Sarah_DEC003_01_Body = Vay be! Sanayi Yapılarının yakınına yerleştirilen Sanayi Süslemeleri sözleşmelerden ekstra Cevher, Petrol ve Kereste üretmemizi sağlıyor. Bu yönetim dersleri gerçekten işe yarıyor!
Speech_Sarah_DEC0035_01_Body = Sanayi sözleşmelerinden yavaş yavaş ekstra verim sıkmakta çok tatmin edici bir şey var. Sanırım bu bir bağımlılık olabilir. Beni biraz daha şımartır mısınız Komutanım?
Speech_Sarah_DEC004_01_Body = Aman efendim, Komutanım! Vergi kanununda ilginizi çekebilecek bir boşluk buldum. Yakındaki süslemeler Devlet yapılarının Personel Ziyaretlerini artırıyor!
Speech_Seabolt_QML01_01_Body = Komutanım, bu Titan saldırılarından kalan tüm yedek parçaları lehimize kullanmanın bir yolunu buldum!
Speech_Seabolt_QML02_01_Body = Komutanım! Titanı nasıl etkinleştireceğime dair araştırmamı sonunda tamamladım!
Speech_Scarlett_TitanNamed_Body = Başardınız efendim. Titan artık sizin. Onunla oynamaya başlamadan önce ona bir isim verelim.
Speech_Mayhem_Sarah_01_Body = Efendim! Uydu iletişim sistemimiz yaklaşan bir füze saldırısı tespit etti! Siper alın!
Speech_Mayhem_V06_01_Body = Muhahaha! İşte Karanlık İttifak'tan küçük bir hediye.
Speech_Mayhem_Sarah_02_Body = Efendim, Meclisimiz hasar gördü, ama neyse ki doğrudan isabet değildi. 4 gün sonra çok daha yıkıcı bir saldırı geliyor. İkinci bir saldırıyı önlemek için bir Füze Fırlatma İstasyonu inşa edin.
Speech_Mayhem_Sarah_03_Body = Efendim! Karanlık İttifak'ın ikinci füze saldırısı başladı! GELİYOR!
Speech_Mayhem_V06_02_Body = Muhahaha! İki atış, iki isabet! Başından beri size füze kullanmalıydık! HA!
Speech_Mayhem_Sarah_04_Body = Efendim! İkinci füze saldırısı Meclis binasını yerle bir etti! Neyse ki herkes zamanında çıktı. Yeniden inşa edene kadar masrafları karşılamak için devlet ve konut gelirlerinden %10 vergi alınacak.
Speech_Mayhem_Sarah_05_Body = Evet! Yeni inşa ettiğimiz Füze Fırlatma İstasyonu sayesinde saldırı önlendi.
Speech_Neighborhood_01_Body = Mac, Evlerimiz için çok katlı yüksek Mahalleler inşa etmemizi önerdi. Bu, emlak sorunumuza ideal bir çözüm gibi görünüyor!
Speech_Neighborhood_02_Body = Komutanım, hadi birkaç Evi Mahallenize taşıyın. Acele etseniz iyi olur, Mac'in kalabalık ailesinin gözü orada!
quest_QMU01_speech_body = Efendim, imparatorluğumuzun çevresinde tuhaf birlikler gördük. Bahse girerim onları ele geçirip kullanabiliriz
quest_QMU02_speech_body = Şu an bunların ne tür birlikler olduğundan emin değiliz, ama çok güçlü görünüyorlar. Ne tür bir birlik olduğunu öğrenmek için bir Gözetleme Kulesi inşa edelim
Speech_Bounty_Center_Body = Efendim, müttefiklerinizin başına ödül konduğunu duyduk. Onlarla savaşırken Özgürlük Tahvili toplamak için bir Ödül Avcısı Merkezi inşa edin.
Speech_Bounty_Center_2_Body = Aferin Komutanım! Şimdi Ödül Avcısı Merkezi'ni etkinleştirin, müttefiklerinizin başındaki ödülü toplamak için bir saatiniz olacak. Savaş alanına!
Speech_Prison_Camp_01_Body = Zor zamanlardayız Komutanım! Düşmanlarımız komşu İmparatorluklarda elini kolunu sallayarak dolaşıyor. Bir Esir Kampı inşa edip onları yakalamaya başlamalısınız!
Speech_Prison_Camp_02_Body = Esir Kampı dolunca her şeyden çift XP almaya başlayacaksınız. Hadi inşa edip istilaya başlayalım!
Speech_Energiser_01_Body = Seabolt, Tesla'nın çalışmalarını inceliyordu. Sonunda Enerji rezervlerimizi artıracak bir prototip geliştirdi! Ama önce İmparatorluğumuzda geliştirilmiş başka bir sürümünü inşa etmemiz gerekiyor.
Speech_Energiser_02_Body = Efendim, Seabolt'un prototip cihazı uzun süre dayanamayacak kadar kararsızdı. Ancak yeni sürümümüzde bozulmasını önleyecek ek güvenlik önlemleri var. Tesla gurur duyardı!
Speech_ElementZCoil_Body = Komutanım, kararlı maddeyi Element Z'ye dönüştürecek yüksek enerjili bir parçacık çarpıştırıcısı geliştirdim. Bununla güç verebileceğimiz tüm Titanları bir düşünün!
Speech_Commando_Assault_Yard_01_Body = Komutanım, daha fazla hasar veren Komandolar kapımızda... ee, sahamızda! Kara Birliklerinizle kırıp geçirmek için hemen inşa edin.
Speech_Farm_Camp_Body = Ekonomimizi güçlü tutmak için şu Çiftlikleri hızlandırmalıyız. Ama ekstra ele ihtiyacımız var. Savaş esirleri iyi işçi olur.
Speech_Drone_Command_Center_Body = Seabolt istila birliklerimizi desteklemek için bize bir İHA filosu kurdu. İstilalar daha geniş alanı kapsayabilir - bu da daha fazla yağma demek!
Speech_Volcano_Power_1_Body = İmparatorluğumuzun yakınında Losavius Dağı yükseldi. Piroelektrik Koşum'umu kurup muazzam bir enerji deposu biriktirmek için tam ihtiyacım olan şey!
Speech_Volcano_Power_2_Body = Piroelektrik Koşum'u kurmak için her gün farklı bir jeneratör toplamanız gerekiyor. Yeniden patlamadan önce yalnızca birkaç haftamız var. Acele edin!
Speech_Amity_Lighthouse_01_Body = Deniz Feneri, müttefiklerimize İmparatorluğumuzda hoş karşılandıklarını gösterecek. Işığı bir gemiyi güvenle yönlendirdiği her seferde ödüllendirileceksiniz.
Speech_Amity_Lighthouse_02_Body = Feneri işletmenize yardım etmeleri için arkadaşlarınızı işe alın. Emekleri size minnettar gemilerden ödüller kazandıracak.
Speech_Espionage_HQ_01_Body = Bu çığır açıcı! Seabolt'un yeni teknolojisi casuslarınızın çaldığı bilgileri kullanarak Komşularınızın birliklerini klonlamanızı sağlıyor. Önce Casusluk Karargâhı'nı kurun!
Speech_Espionage_HQ_02_Body = Casuslarımızı iş başına koyalım! Onları doğru kaynaklarla donatın, birliklerini klonlamak için ihtiyacımız olan verileri Komşularımızdan çalsınlar.
Speech_Espionage_HQ_03_Body = Bu birliği başarıyla klonladınız. Her klon birlik 24 saat sonra veya 5 savaşta kullanıldıktan sonra, hangisi önce olursa, kendini imha edecek.
Speech_WorldGames_1_Body = Komutanım, ilk Savaş Oyunları'na ev sahipliği yapmak için seçildik! Bu gerçek bir onur. Her gün bir altın madalya kazanırsak daha da büyük şan kazanırız.
Speech_Meteorite_Mining_01_Body = Mükemmel! İmparatorluğun üzerinden bir meteor geçiyor. Meteoru çekip cevher çıkarmak için Yüksek İrtifa Manyetik Tuzağı'mı etkinleştirin.
Speech_Meteorite_Mining_02_Body = İşe yaradı! Benim için sırtımı sıvazlama, sizin için de bir yığın bedava metal. Üstelik Yüksek İrtifa Manyetik Tuzağı'nı hatıra olarak saklayabilirsiniz.
Speech_QuestBuildable_01_Body = Komutanım, Losavius Dağı'nın son patlaması kıyının hemen açığında antik bir şehrin batık kalıntılarını ortaya çıkardı. Keşfetmeleri için dalgıç göndermeliyiz.
Speech_Deep_Sea_Drill_01_Body = Sularımızda bir Karanlık İttifak gemisi battı! Doğru ekipman, petrolü sudan ayırıp sızıntıyı toplayacak yeni teknolojiyi mümkün kılabilir.
Speech_Deep_Sea_Drill_02_Body = Kendi ağzımla söylüyorum, tereyağından kıl çeker gibi bir işti! O petrolün hepsi sizin, çevre de size teşekkür edecek.
Speech_Cyclone_Power_01_Body = Cynthia Kasırgası işe yarayabilir! Siklodinamik Sürü'mü zamanında konuşlandırırsam fırtınadan yararlanarak bir enerji bolluğu elde edebiliriz.
Speech_Cyclone_Power_02_Body = Sürüyü konuşlandırmak için altı farklı Dinamoya ihtiyacımız var. Fırtına geçmeden bunları toplamama yardım etmelisiniz. Acele edin!
Speech_Cyclone_Power_03_Body = Başardık! Dinamoları zamanında topladınız ve Siklodinamik Sürü'm işe yaradı! O ekstra enerjinin tadını çıkarma zamanı!
Speech_Cyclone_Power_04_Body = Eyvah, çok geç! Fırtına ben Siklodinamik Sürü'mü konuşlandıramadan geçti. Belki bir dahaki sefere başarırız!
Speech_QRUX1_Body = Oyuna geri döndünüz Komutanım! Artık İmparatorluğunuzun nüfusunu artırmak için daha fazla ev yapabilir ve savaş için silah üretebilirsiniz!
Speech_QRUX2_Body = Askerî gücünüzü gösterme zamanı! Bunu bir Yıldırım Savaşı kazanarak yapabilirsiniz!
Speech_QRUX3_Body = Askerî ustalığınızı kanıtladınız! Şimdi daha fazla müttefik ekleyin! Dünya Meclisi Binası'na veya Komşular Çubuğunuzdaki 'Arkadaş Davet Et' düğmesine tıklayın.
quest_QBM01_speech_body = Komutanım, işten konuşalım! Parça mı istiyorsunuz? Bende parça bol. Tek ihtiyacınız Hurda ve Cevher. Anlaştık mı?
Speech_Capsule_Housing_01_Body = Küçük konutlar bu aralar çok büyük! Kapsül Süitleri tasarlaması için bir mimar tuttuk. Onu daha az alanda daha çok insanı barındırmak için kullanabiliriz!
Speech_Capsule_Housing_02_Body = Tebrikler! Kapsül Süitler için yeni bir personel aldığınızdan nüfus kapasiteniz ve nüfusunuz 100 arttı!
Speech_Raffle_01_Body = Savaşta harika bir nişancısınız Komutanım, ama şimdi Şanslı Atış Çekilişi'nde bir ödüle nişan almalısınız. Ne kadar çok bilet toplarsanız kazanma şansınız o kadar artar!
Speech_Nuclear_Power_01_Body = Komutanım, Kreona Nükleer Santrali'nin tahliyesine yardım edin. Sonra kabul ederlerse reaktörü kullanıp kendimize Nükleer Bomba edinmek için 24 günümüz var!
Speech_Nuclear_Power_03_Body = Muhteşem bir çaba Komutanım! Beni resmen uçurdunuz! Bölünebilir Görev'i tamamladığınız ve cephaneliğinize nükleer başlıklar eklediğiniz için tebrikler.
Speech_ElementZGenerator_01_Body = Komutanım, kendi ağzımla söylüyorum, ben bir dâhiyim! Element Z çubuğumuzu yenilemenin bir yolunu buldum. Adı Element Z Yenileyicisi ve neredeyse dostluğun gücüyle çalışıyor!
Speech_Volcano_Reskin6_01_Body = Komutanım, kıyımızın açığında güzel bir Elit Oton Savaş Gemisi battı ve hızla batıyor. Hızlı çalışırsak onu kendimiz için kurtarabiliriz!
Speech_Volcano_Reskin6_02_Body = Umutlarınızı batırmak istemem Komutanım, ama çok geç! Harap Elit Oton Savaş Gemisi siz onaramadan battı!
Speech_Volcano_Reskin6_03_Body = Tebrikler Komutanım! Bu görevi bitirip bir Elit Oton Savaş Gemisi kazanarak ortalığı dalgalandırdınız!
quest_IM001_speech_body = Komutanım, sınır güvenlik kuvvetlerimiz terör faaliyeti bildirdi - kendilerine 'Savaşla Demokrasi' diyen radikal kaçıklar. Aptallık dediğin bu! Ne yazık ki aptallık çoğu zaman tehlike demek.
Speech_Raffle_02_Body = Komutanım, Şanslı Atış Çekilişi'nde büyük kazanan olmak için bir şansınız daha var! Harika yeni ödüller var, elinizden gelenin en iyisini yapın. Çekiliş Bileti toplamaya başlayın!
Speech_Power_Provoker_01_Body = 4 tür Güçlendirici üreten, her 6 günde bir tür yapan bir Güç Kışkırtıcı icat ettim. Onu çalışır tutacak Motorlar karşılığında ürettiklerimi sizinle paylaşacağım!
